SAMPLEID	VERDY19	Plrevelo.MOCKZYMO	Plrevelo.NT4	VERDY5	Plrevelo.NT2	VERDY2	VERDY55	ED	VERDY24	VERDY20	VERDY21	VERDY8	VERDY7	VERDY39	VERDY51	VERDY35	VERDY38	VERDY65	VERDY66	VERDY52	VERDY54	VERDY4	VERDY23	VERDY53	Plrevelo.IV01IV	Plrevelo.TLIB2	VERDY40	VERDY33	VERDY9	Plrevelo.TLIB1	VERDY6	Plrevelo.NT1	VERDY17	VERDY34	VERDY36	VERDY3	VERDY18	FMR	VERDY49	Plrevelo.NT5	Plrevelo.NT3	VERDY37
[Acidovorax] ebreus	0.313	0	0.1132	0	0	0	0	20.9319	2.5587	0	0	0	0.4079	3.1484	0	0.2394	0	0	0	0	0	0	0	0	0	1.4561	0	0	0	0.0879	0	0	0.2301	0	1.7256	0.208	0	44.8623	0	0	0.1099	0.4474
[Clostridium] hylemonae	0	0	0	0	0	0	0	0	0	0	0	0	0	0	0	0	0	0	0	0	0	0	3.0098	0	0	0	0	0	0	0	0	0	0	0	0	0	0	0	0	0	0	0
[Mycoplasma] testudinis	0	0	0	0	0	0	0	0	0	0	0	0	0	0	0	0	0	0	0	0	0	44.6007	0	0	0	0	0	0	0	0	0	0	0	0	0	0	0	0	0	0	0	0
[Ochrobactrum] quorumnocens	2.1908	0	0.566	0.3633	0.1766	0	0	0.9889	0	0	0.2968	0.5505	0	0	0	0	0.7431	0	0	0	0.2549	0	0	0.5809	39.4596	0.257	0	0	0	0.2637	0	1.3825	0	0	0	1.4558	3.9512	0.1994	0	0.0988	0.3296	0
[Pseudomonas] carboxydohydrogena	0	0	0	0	0	0	0	0	0	1.3279	0	0.9633	0	0.1431	2.4222	0	0	0	0	0	0	0.8965	0	0	0	15.8459	0	0	0	0.0879	0	36.6367	0	0.3026	0	8.3187	0	0	0	0	0.2198	0
Abyssicoccus albus	0	0	0	0	0	0	0	0	0.6397	0	0	0	0	0	0	0	0	0	0	0	0	0.2241	0	0	0	0	0	0	0	0	36.0252	0	0	0	5.6083	0	0	0	1.3158	0	0	0
Acetobacter pasteurianus	0	0	0	0	0	0	1.967	0	0	0	0	0	0	1.0018	0	0	0	0	0	0	0	0	0	0	0	0	0	0	0	0	0	0	0	0	0	0	0	0	0	0	0	0
Achromobacter deleyi	0	0	0	0	0.1766	0	0	0.3296	0	7.3034	0	0.1376	0	0	0	0	0	0	0	0	0.2549	0	0	0	0.0802	0.5139	0	0	0	0	0.2669	0	0	0	0.8628	0.6239	0	0	0.1196	0.3953	0.5494	0.7457
Achromobacter denitrificans	0.1565	0.2366	0.566	0	0.5299	0.4704	0.1093	1.6482	0	0	0	0	0	0.4293	0	0	0	0	0	0	0.6372	0	0	0.8714	0	0.0857	0	0	0	0.0879	0.5337	0	0.2301	2.2694	0.8628	0	0	0	0.1196	4.842	0.6593	2.8336
Achromobacter insolitus	0	0	0	0	0	0	0.1093	0.8241	0	0	0	0	0	0	0	0	0	0	0	0	0	0	0	0.2905	0	0	0	0	0	0.2637	0.2669	0	0	0	0	0	0.3951	0	0	90.6142	0.2198	0
Achromobacter ruhlandii	0	0	0.1132	0	0	0	0	0	0	0	0	0	0	0	0.4037	0	0	0	0	0	0.1274	0	0	0	0	0	0	0	0	0	0	0	0	0.3026	0	0	0	0.0997	0	0	0.1099	0
Achromobacter sp. AONIH1	12.8318	0	14.7155	3.9967	3.356	38.1977	121.081	6.2631	0.6397	3.9836	5.937	0.8257	2.0396	0.5724	0.2019	27.4055	0	0.0463	0.1921	0	1.2744	0	0.9029	4.0666	2.0853	5.5675	17.2469	0	0	2.285	1.6011	0	1.6108	7.4133	7.7653	11.2303	5.1365	2.8911	0.2392	7.0159	335.458	5.6673
Achromobacter xylosoxidans	52.8922	0.7098	55.9187	3.9967	3.8858	4.2337	10.1629	76.3108	18.5502	59.7546	2.0779	0.2752	1.6317	0.4293	9.4869	0.9574	1.672	0.1854	0.048	2.0468	2.1664	0.6724	6.6216	7.2619	1.7645	5.4818	6.2089	4.5911	4.5847	225.076	4.8034	8.2951	1.3807	11.6495	6.9025	7.2789	4.7414	54.6323	2.512	109.587	67.9047	25.0553
Acidipropionibacterium acidipropionici	0.1565	0.1183	31.6948	0	0.1766	1.129	0	0	0	0	0	0	0	0	0	0	0	0	0	0	0	2.9136	0	0	0	0	0	27.017	0	0	0	0	0	0	0	0	0	0	0.8373	9.3875	0.1099	0
Acidipropionibacterium jensenii	0.313	0	76.8599	0	0	0	0	0	0	0	0	0	0	0	0	0	0	0	0	0	0	0	0	0	0	0	0	0.5297	0	0	0	0	0	0	0	0	0	0	0	4.842	0	0
Acidisoma sp. PAMC 29798	0	0.1183	0	0	0	0	0	0	0	0	0	0	0	0	0	0	0	0	0	0	0	0	0	0	0	0	0	1.5892	0	0	0	0	0	0	0	0	0	0	0	0	0	0
Acidovorax carolinensis	35.2093	0	2.9431	0	1.0598	0.0941	0	21.4264	6.3966	0	0	0.4129	0.8158	0	0	0	0.2787	0	0	0	0.1274	0	1.8059	0	0	0.0857	0	0	0	0.1758	0	55.3008	0.9205	0.3026	0	0	1.1854	0.3988	0.1196	0	0.1099	0
Acidovorax radicis	2.8168	0	0	0	0	0.1882	0	39.3915	0	0	0	0	0	0	0	0	0	0	0	0	0	0	0	0	0	0	0	0	0	0	0	1.3825	0	0	0	0	0	0	0	0.0988	0	0
Acidovorax sp. ALBL_202	263.366	0	0	0	0	0	0	0	0	0	0	0	0	0	0	0	0	0	0	0	0	0	0	0	0	0	0	0	0	0	0	0	0	0	0	0	0	0	0	0	0	0
Acidovorax sp. GBBC 1281	0.4695	0	0	0	0	0.0941	0	0	0	0.6639	0	0	0	0	0	0	0	0	0	0	0	0	0	0	0	0	0	0	0	0	0	0	0	0.1513	0	0	5.9268	0	0	0.1976	0	0
Acidovorax sp. HDW3	8.2938	0	0	0	0	0	0	0	6.3966	0	0	0	0	0	0	0	0	0	0	0	0	0	0	0	0	0	0	0	0	0	0	0	0.2301	0	0	0	0.3951	0	0	0	0	0
Acidovorax sp. JS42	0	0	0.1132	0	0	0.0941	0	0.4945	0	0	0	0	0.4079	2.4329	0.2019	0	0	0	0	0	0	0	0	0.2905	0.1604	0.0857	0	0	0	0	0	0	0.2301	0.1513	0	0.6239	0	0.1994	0	0.1976	0	0.1491
Acidovorax sp. KKS102	1537.47	0.3549	0	0	0	0	0.1093	0.1648	0	0	0	0	0	0	0	0	0	0	0	0	0	0	0	0	0.1604	0	0	0	0	0	0	0	0	0.4539	0.4314	0	0	0	0	0.0988	0.1099	0.1491
Acidovorax sp. NCPPB 2350	0	0	0.566	0	0	0	0	0	0	0	0	0	0	0	0	0	0.0929	0	0	0	0	0	0	0	0.0802	0	0	0	0	0	0	0	0	0	0	0	0	0	0	0	0	0
Acidovorax sp. NCPPB 3576	0	0	0	0	0	0	0	0.3296	0	0	0	0	0	0	0	0	0	0	0	0	0	0	0	0	0	0	0	0	0	0	0	0	0	0	0	0	6.717	0	0	0	0	0
Acidovorax sp. RAC01	0.4695	0	3.3959	0	0	0	0	0.1648	0	0	0	0	0	0	0	0	0	0	0	0	0	0	0	0	0	0	0	0	0	0	0	0	0	0	0.4314	0	58.4772	0	0	0	0	0
Acidovorax sp. T1	0.6259	0	0.7924	0	0	0	0	0.1648	0	0	0	0.1376	0	0	0	0	0	0	0	0	0.1274	0	0	0	0	0	0	0	0	0	0	0	0	0	0	0	0	0	0	0	0.2198	78.8943
Acidovorax sp. YS12	0	0.4732	0	0	0	0	0	0.1648	0	0	0	0	0	0.5724	0	0	0	0	0	0	0	0	0	0.2905	0	0.0857	0	0	0	0	0	0	0	0	0	0	0	0	0	0	0	0
Acidovorax temperans	7.0419	0	9.0557	0	0.5299	0	0	0	0	0.6639	0.2968	0	0	0	0	0	0.0929	0	0	0	0	0	0.301	0	0	0.0857	0	0	0	0	0	0	0	0	0	0	1.1854	0	0	0	0	0
Acinetobacter baumannii	85.7543	7.4529	2.0375	1.09	3.1793	2.3521	0	3.626	0.6397	3.3197	1.7811	0	0	0	0	0.1197	0	0	0	0	56.5814	0.8965	0.301	0.8714	1.7645	0.5996	1.3798	0.5297	0	4.1306	0.5337	0	0.6904	1.6642	0	29.3235	1.1854	14.0568	0.4785	6.3242	1.9778	1.3423
Acinetobacter bereziniae	0	0	0	0	0	0.5645	0	5.439	0	11.287	0	4.9542	0.8158	0	0.4037	0	0	0	0	0	0	0	1.5049	0	0	0.1713	0	0	0	0	0.2669	8.2951	0	0	0	0	0	0	2.512	0.0988	0.3296	0
Acinetobacter defluvii	0	0	0	0	0	0.0941	0	0	0	0	0	0	1.6317	0	0	0	0	0	0	0	0	0	0	0	0	0	0	0	0	0	0	0	0	0	0	0	0	0	0	0	0	0
Acinetobacter guillouiae	109.384	1.183	171.718	1.09	19.2526	9.5965	0.2186	77.7942	14.0726	0.6639	1.7811	49.5422	0	0	13.5239	0	0	0	0	0	0	0	0	0.2905	0.401	1.1992	20.6963	0	9.1695	34.715	5.3371	22.8116	0.2301	501.08	0	34.7306	0	44.6629	0	0.1976	3.9556	0
Acinetobacter haemolyticus	11.58	0.1183	1.5847	0.3633	0	0.0941	0.3278	0	0	0	0.2968	1.5138	0	0	12.111	0	0	0	0	0	0.2549	0	0	0	0	0	1.3798	0	0	0.1758	0	0	0	0	0	241.867	0	0	0	0	0	0.1491
Acinetobacter indicus	29.7323	1.7745	1.0188	0.3633	1.5897	0	0	0	0.6397	0.6639	0	0.1376	0	0	0	0	0	0	0	0	0.892	1.1206	0	0	0	0	1.3798	0	0	0	0	0	0	0	0	0	0	0.1994	0	0	0	1.044
Acinetobacter johnsonii	1427.15	1.6562	3.3959	0	16.0732	1.0349	1.5299	0.4945	0	3.9836	10.9834	9.358	0.8158	0	0.4037	0.1197	0	0	0	0	0.6372	0	0.301	0	0.1604	0.5996	2.7595	1.0595	0	0.5273	0	2.0738	0.4602	9.6827	1.7256	0.208	0	414.527	0.3589	0.6917	0.3296	94.7029
Acinetobacter junii	20.3432	0.4732	0.3396	0	0.3533	0.1882	0.2186	0.1648	0	0	0	7.4313	2.0396	0	0	0	0	0	0	0	131.641	0.2241	0	0	0	0.0857	0	0	0	0.0879	0	0	0	0.3026	0	0	0	26.8177	0	0.1976	0.1099	0.5966
Acinetobacter lwoffii	217.359	0.2366	23.0919	3.9967	6.0054	0.5645	0.5464	0.1648	0	5.3115	1.1874	0.4129	0	0	0	0	0	0	0	0	0.1274	0	0	0	0.0802	0.0857	44.1521	0	2.2924	0	0	0	0.4602	0	0	0	0.3951	7.9755	0.1196	0.0988	6.5927	0.2983
Acinetobacter pittii	5.3205	4.8503	1.5847	0	0	0	1.2021	0	0	0	0.5937	1.9266	0	0	0	0	0	0	0	0.9304	0.7646	0	0.301	0.2905	0	0	0	0	2.2924	0.0879	0	0	0	0	0.4314	33.8988	0	0.7976	0	0	0	0.1491
Acinetobacter schindleri	5.477	0	0.2264	0.7267	0.1766	0	0	0.1648	0	0	0	0	0.4079	0	0.2019	0	0	0	0	0	0.2549	0	0	0	2.3259	0	0	0	0	0	0	0	0	0.1513	0	0	0	0.1994	0.1196	0.1976	0	0
Acinetobacter seifertii	4.5381	0	0.4528	0	0	0	0	0	0	0	0	0	0.8158	0	0	0	0	0	0	0	0	0	0	0	0	0.4283	0	0	0	0	0	0	0	0	0	0	0	0.1994	0	0	0	0
Acinetobacter shaoyimingii	50.3885	0	0	0	0	0	0	0	0	0	0.2968	0	0	0	0	0	0	0	0	0	0	0	0	0	0	0	0	0	0	0	0	0	0	0	0	0	0	0	0.1196	0	0	0
Acinetobacter soli	0	0	0	0	0	0	0	0	0	0	0	0	0	0	0	0	0	0	0	0	0	0	0	0	0	0	0	0	0	0	0	0	0	0	0	0	0	0	0	0	19.0089	0
Acinetobacter sp. Colony158	0	0	0	0	0	0	0	0	0	0	1.1874	0.1376	0	0	0	0	0	0	0	0	0	0	0	0	0	0	0	0	0	0	0	0	0	0	0	0	0	0	0	0	0	0
Acinetobacter sp. ESL0695	0.1565	0.9464	0	0	0	0	0	6.5927	0	0	0	0	0	0	0	0	0	0	0	0	0	0	0	0	0	0	0	0	0	0	0	0	0	0	0	0	0	0	0	0	0	0
Acinetobacter sp. KCTC 92772	0	0	0	0	0	0	0	0	0	0	0.8905	0	0	0	0	0	0	0	0	0	0	0	0	0	0	0	0	0	0	0	0	0	0	0	0	0	0	0	0	0	0	0
Acinetobacter sp. MYb10	6.4159	10.2921	1.4716	0.7267	0.3533	0	0.1093	0	0.6397	0	77.1807	0	0	0	0.8074	0	0	0	0	0	0	0	0	50.5425	76.1924	14.5611	8.9684	0	9.1695	0.6152	0	6.2213	0	0	0	0	0	1.296	0	0	33.1832	0
Acinetobacter sp. NyZ410	10.3281	0.9464	7.3577	0.3633	0	3.1988	0.1093	0	0.6397	0	0.8905	1.1009	0	0	0.2019	0	0	0	0	0	0	0	0	1.4524	0.1604	1.1135	2.7595	0	2.2924	0.2637	0.2669	31.1067	0	51.5907	0	0.208	0	1.6948	0	0.1976	0.4395	0.1491
Acinetobacter sp. TAC-1	17.8394	1.7745	40.7505	1.8167	0.3533	3.0107	0.8742	4.6149	3.838	17.2625	6.5307	2.0643	0.4079	0	0.2019	0	0	0.8342	0	0.1861	0.1274	5.379	0.602	25.5617	24.7826	5.4818	36.5635	0	25.2161	3.2518	2.6685	15.2077	0.6904	60.5169	6.9025	10.3984	4.3463	2.8911	0.1196	0.1976	2.747	0.2983
Acinetobacter sp. TR3	0	0	0	0	0	0	0	0	0	0	0	0	0	0	0	1.1968	0	0	0	0	0	0	0	0	0	0	0	0	0	0	0	0	0	0	0	0	0	0	0	0	0	0
Acinetobacter sp. TTH0-4	306.399	3.0758	0	0	0	0	24.8063	0	0	0	0	0	0	0	0	0	0	0	0	0	0	0	0	0	0	0	0.6899	0	0	0	0	0	0	0	0	0	0	0	0	0	0	0.1491
Acinetobacter sp. WCHA45	2.3473	0	0	0	0	0	0	0	0	0	0	0	4.0791	0	0	0	0	0	0	0	0	0	0	0	0	0	0	0	0	0	0	0	0	0	0	0	0	0	0	0	0	0
Acinetobacter towneri	6.8854	0	0	0.3633	0	0.2822	0.1093	0	0	0	0	0	0	0	0	0	0	0	0	0	0	0	0.301	0	0	0	0	0	0	0	0	0	0	0	0	0	0.3951	2.3927	0	0	0	0
Acinetobacter ursingii	0	0	0	0	0	0.0941	0	0	0	0	8.9055	0.1376	1.2237	0	0	0	0	0	0	0	0	0	0	0	0	0.6852	0	0	0	0	0	0	0	0	0	0	0	0	0	0.0988	0.1099	0
Acinetobacter variabilis	1.8778	0	0	0	0	0.0941	0	0.1648	0	0	0	0	0	0	0	0	0	0	0	0	0.7646	0	0	0	0	0	0	0	0	0	0	0	0	0	0	0	0	0	0	0.0988	0.3296	0.1491
Actinobacillus equuli	0.1565	0.8281	0	0	0	0	0.9835	0	0	0	0	0	0	0	0	0	0	0	0	0	0	0	0	0	0	0.0857	0	0	0	0.0879	0	116.132	0	0	0	0	0	0	0	0	0	0
Actinobacillus pleuropneumoniae	0.1565	0.3549	0	0	0	0	0	0	0	0	0	0	0	0	0	0	0	0	0	0	0	0	0.301	0	0	0	0	0	0	0	0	4.1476	0.2301	0	0	0	0	0	0	1.5811	0	0
Actinomadura graeca	0.1565	0	0	0	0	0.0941	0	0	0	0	0	0	0	0	0	0	0	0	0	0	1.5292	0	0	0	0	0	0	0	0	0	0	0	0.2301	0	0	0	0	0	0	0	0	0
Actinomadura madurae	0	0	0	0	0	0	0	0	0	0	0	0	0	0	0	0	0	0	0	0	0.6372	0	0	0	0	0	0	0	0	0	0	0	2.0711	0	0	0	0	0	0	0	0	0
Actinomadura sp. NAK00032	0	0	0	0	0	0	0	0	0	0	0	0	0	0	0	0	0	0	0	0	0.6372	0	0	0	0	0.0857	0	0	0	0	0	0	2.9915	0	0	0	0	0.0997	0	0	0	0
Actinomadura sp. WMMB 499	0	0	0	0	0	0	0	0	0	0	0	0	0	0	0	0	0	0	0	0	0.6372	0	0	0	0	0	0	0	0	0	0	0	2.7614	0	0	0	0	0	0	0	0	0
Actinomyces oris	0	0	0.3396	0	0	0.1882	0.2186	0	0.6397	0	11.874	0	0	0	0	0	0.0929	0	0	0	0	0	0	0	0.5614	0.257	0	0	0	0.1758	0.2669	0	0.9205	0.3026	0	0.8319	0	0.5982	0.1196	0.4941	0.4395	0
Actinomyces sp. oral taxon 848	0	0	19.5829	0	0	0	0	0	0	0	0	0	0	0	0	0	0	0	0	0	0	0	0	0	0	0	0	0	0	0	0	0	0	0	0	0	0	0	0	0	0	0
Actinomyces weissii	0	0	0	0	0	0	0	0	0	0	0	0	0.4079	0	0	0	0.0929	0	0	0	0	0	0	0	0	0	0	0	0	0	0	0	0	0	0	0	0	0	0	0.0988	0	0
Actinoplanes derwentensis	0	0	0	7.2668	0	0	0.1093	0	2.5587	0	0	0	0	0	0	0	0	0	0	0	0	0	0	0.5809	0	0	0	0	0	0	0	0	0	0	0	0	0	0	0	0	0	0
Actinoplanes friuliensis	0	0	0	0	0	0	0	0	0	0	0	0	0.4079	0	0	0	0	0	0	0	0	0	0	29.0474	0	0	0	0	0	0	0	0	0	0	0	0	0	0	0	0	0	0
Actinoplanes ianthinogenes	5.0076	0	0	3.6334	0	0	0	0.1648	0.6397	0.6639	0	0	0	0	0	0	0	0	0	0	0	0	0	0	0	0	6.2089	0	4.5847	0	0	0	0	0.9078	2.5884	0	0	0	0	0	0	0
Actinoplanes sp. L3-i22	0	0	0	0	0	0	0	0	0	0	0	0	0	0	0.2019	0	0	0	0	0	0	0	0	0	0	0	0	0	0	0	0	0	0	0	2.157	0	0	0	0	0	0	0.1491
Actinosynnema pretiosum	0	0	0	0	0	0	0	0	0	0	0	0	0	0	0	0	0	0	0	0	0	0	0	0.8714	0	0	0	0	0	0	0	0	0	0	0	0	0	0	0	0	0	0
Actinotignum schaalii	0	0	27.167	0	0	0	0	0	0	0	0	0	0	0	0	0	0	0	0	0	0	0	0	0	0	0	0	0	0	0	0	0	0	0	0	0	0	0	0	0	0	0
Advenella alkanexedens	0	0	0	0	0	0	0	0	0	0	0	0	0	0	0	0	0	0	0	0	0	0	0	0	0	0	0	0	0	0	0	0	0	1.8155	0	0	0	0	0	0	0	0
Aequoribacter fuscus	0	0	0	0	0	0	0	0	1.2793	0	0	0	0	0	0	0	0	0	0	0	0	0	0	0	0	0	0	0	0	0	0	0	0	0	0	0	0	0	0	0	0	0
Aeribacillus pallidus	0	15.4972	0	0	0	0	0	0	0	0	0	0	0	0	0	0	0	0	0	0	0	0	0	0	0	0	0	0	0	0	0	0	0	0	0	0	0	0	0	0	0	0
Aerococcus urinaeequi	57.4303	0.5915	51.0513	0	0	0	0	0	0	0	0	0	0	0	0	0	0	0	0	0	0	0	0	0	0	0	0	1.7658	0	0	0	0	0	0	0	0	0	1.296	0	0	153.06	0
Aerococcus viridans	0	0.2366	0	0	0	0	0	0	0	1.9918	0	0	0	0	0	0	0	0	0	0	0	0	0	0	0	0	0	0.1766	0	0	0	0	0	0	0	0	0	0	0	0	64.4985	0
Aeromicrobium choanae	0	0	1.2452	0	0	0	0	0	0	0	0	1.3762	0	0	0	0	0	0	0	0	0	0	0	0	0	0	0	0	0	0	0	0	0	0	0	0	0	0.0997	0	0.2964	0	0
Aeromicrobium duanguangcaii	0	0	0	0	0	0	0	0	0	0	0	1.3762	0	0	0	0	0	0	0	0	0	0	0	0	0	0	0	0	0	0	0	2.0738	0	0	0	0	0	0.0997	0	0	6.7026	0
Aeromicrobium senzhongii	0	0	0	0.7267	0	0	0	0	0	0	0	0.1376	0	0	0	0	0	0	0	0	0	0	0	0	0	0	0	0	0	0	0	2.0738	0	0	0	0	0	0	0	0	11.757	0
Aeromonas caviae	1.2519	1.4196	0.2264	0	1.2364	0.0941	0.1093	0	0	0	0	0.1376	0	0	0.4037	0	0	0	0	0	0	0	0.301	0	0.1604	0.0857	0	0	0	0.3515	0	0	0	0.3026	0	0.4159	0	0.0997	0	0	0.2198	0.5966
Aeromonas hydrophila	2.8168	0.9464	0	0	1.0598	0.0941	0.1093	0	0	0	0	0	0	0	0	0	0	0	0	0	0	0	0	0	0.0802	6.8523	0	1.4127	0	0	0	0	0	0	0.4314	1.2478	0	0.0997	0	0	0	0.1491
Aeromonas veronii	8.4502	2.7209	0.1132	0	1.413	0.2822	5.9011	0.3296	0	0	0	0	0	0	0	0	0	0	0	0.1861	0.7646	0	0	0	0.0802	3.2548	0	0	0	0	0	0	0	0.1513	0	0.208	0	0.2991	0	0.1976	0	0.2983
Aestuarium zhoushanense	2.8168	0	0	0	0	0	0	0	0	0	0	0	0	0	0	0	0	0	0	0	0	0	0	2.3238	0	0	0	0.8829	0	0	0	0	0	0	0	0	0	0	0	0	0	0
Afipia carboxidovorans	0	0	0	0	0.1766	18.2521	0	0	0	0	0	1.5138	0	0.1431	0	0	0	0	0	0	0	0	0	0	0	0	0	0	2.2924	0	0	0	0	0.1513	0	0	0	0	0	0.3953	0	0
Afipia sp. NBIMC_P1	0	0	0	0	0	0	0	0	0	1.9918	0	0	0	0	0.4037	0	0	0	0	0	0	0.4482	0	0	0	1.8844	0	0	0	0	0	0	0	0	0	3.7434	0	0	0	0	1.3185	0
Afipia sp. OHSU_II	0.1565	0	0	0	0	0	0	0	0	0	0	0	0	0	0	0	0	0	0	0	0	0.2241	0	0	0	1.8844	0	0	0	0	0	0	0	0	0	1.6637	0	0	0	0	0.7691	0
Agathobacter rectalis	0	0	0	0	0	0	0	0	0	0	0	0	0	0	0	0	0	0	0	0	0	0	0	0	0	0	0	0	0	0	0	0	0	0	0	0	0	0	0	0	0.6593	72.9287
Aggregatibacter sp. 2125159857	3.1297	0	0	0	0	0	0	0	0	0	0	0	0	7.2986	0	0	0	0.0463	0	0	0	0	0	0	0	0	0	0	0	0	0	0	0	0	0	0	0	0	0	0	0	0
Aggregatibacter sp. Marseille-P9115	0	0	0	0	0	0	0	0	0	0	0	0	0	0	0	0	0	0.1854	0	0	0	0	0	0	0	0	0	0	0	0	0	0	0	0	0	0	0	0	0	0	0	0
Aggregatibacter sp. oral taxon 513	0	0	0	0	0	0	0	0	0	0	0	0	0	0	0	0	0	0.1854	0	0	0	0	0	0	0	0	0	0	0	0	0	0	0	0	0	0	0	0	0	0	0	0
Agrobacterium pusense	0	0	4.3014	0	0	0	0	0	0	0	0	0	0	0	0	0	0	0	0	0	0	0	0	0	0	0	0	0	0	0	0	0	0	0.1513	0	0	0	0	0	0	0	0.2983
Agrobacterium tumefaciens	0.1565	0	3.8487	17.4403	0.8831	0.0941	0.1093	0	0	0	0	0.4129	10.6057	0.5724	0.2019	0	0	0	0	0	0.3823	0.2241	0	0	1.0426	1.1135	0	0	0	0	0	0	0	0.7565	0.4314	0.8319	11.4584	0	0	0	0	4.1759
Agrobacterium vaccinii	0	0	0	25.4337	0	0	0	0	0	0	0	0	0	0	0	0	0	0	0	0	0	0	0	0	0	0	2.7595	0	0	0	0	0	0	0	0	0	0	0	0	0	3.1865	0.1491
Agrobacterium vitis	0	0	0	1.09	0	0	0	0	0	0	0	0	0	0	0.2019	0	0	0	0	0	0	0	0	0.2905	0	0	0	0	0	0	0	0	0	0	0	0	3.1609	0	0	0	0	0
Agrococcus carbonis	54.7701	0	0	0	0	0	0	0	0	0	0	0	0	0	0	0	0	0	0	0	0	0	0	0	0	0	0	0	0	0	0	0	0	0	0	0	0	0	0	0	39.7759	0
Agrococcus jejuensis	3.4427	0	0	13.4435	0	0	0	0	0	0	0	0	0	0	0	0	0	0	0	0	0	0	0	0	0.2406	0	0	0	0	0	0	0	0	0	0	0	0	0	0	0	122.844	0
Agrococcus sp. SCSIO52902	6.4159	0	0	0.3633	0	0	0.1093	0	0	0	0	0	0	0	0	0	0	0	0	0	0	0	0	0	0	0	0	0	0	0	0	0	0	0	0	0	0	0	0	0	54.4995	0
Agrococcus sp. SL85	5.0076	0	0	0.3633	0	0	0	0	0	0	0	0	0	0	0	0	0	0	0	0	0	0	0	0	0	0	0	0	0	0	0	0	0	0	0	0	0	0	0	0	41.6438	0
Agromyces aureus	0	0	0	0	0	0	0	0	0	0	0	0	0	0	0	0	0	0	0	0	0	0	0	0	0	0	0	0	0	0	0	0	8.9746	0	0	0	0	0	0	0.0988	0	0
Agromyces intestinalis	0	0	0	0	0	7.4326	0	0	0	0	0	0	0	0	0	0	0	0	0	0	0	0	0	0	0	0	0	0	0	0	0	0	34.2876	0	0	0	0	0	0	0	0	0
Alcaligenes faecalis	0.4695	0.5915	0.1132	62.8576	0.1766	0	0	0	0.6397	0	0	0	0	0	0	0.1197	0	0	0	0	0	0	0	0	0	0.1713	0	0	6.8771	0	0	0	1.841	0.9078	0.8628	0.4159	0	0.0997	0.1196	0.2964	0.6593	0
Alicycliphilus denitrificans	30.8277	0	0.4528	0	10.4211	0.1882	0	0.8241	2.5587	0	0	0	17.1323	1.288	1.6148	0	0	0	0	0	0	0	0	0.2905	0	0.0857	0.6899	0	20.6313	0.1758	0.2669	0	5.5228	0.3026	24.59	0.4159	1.1854	2.293	0	0.0988	4.2853	0.7457
Aliiroseovarius crassostreae	0.313	0	0	0	0	0	0	0	0	0	0	0	0	0	0	0	0	0	0	0	0	0	0	0	0	0	0	0	0	0	0	0	0	0	0	0	0	0	0	0	0	6.8604
Alistipes communis	0	0	0	0	0	0	0	0	0	0	0	0	0	0	0	0	0	0	0	0	0	0	0	0	0	0	0	0	0	0	0	8.9864	0	0	0	0	0	0	0	0	0	0
Alistipes finegoldii	0	0	0	0	0	0	0	0	0	0	0	0	0	0	0	0	0	0	0	0	0	0	0	0	0	0	0	0	0	0	0.8006	0	0	0	0	0	0	0	0	0	0	0
Alistipes megaguti	0	0	0	0	0	0	0	0	0	0	0	0	0	0	0	0	0	0	0	0	0	0	0	0	0	0	0	0	0	0	0.5337	0.6913	0	0	0	0	0	0	0	0	0	0
Alistipes onderdonkii	0	0	0	0	0	0	0	0	0	0	0	0	0	0	0	0	0	0	0	0	0	0	0	0	0	0	0	0	0	0	9.073	0	0	0	0	0	0	0	0	0	0	0
Alistipes shahii	0	0	0	0	0	0	0	0	0	0	0	0	0	0	0	0	0	0	0	0	0	0	0	0	0	0	0	0	0	0	4.5365	0	0	0	0	0	0	0	0	0	0	0
Alloalcanivorax dieselolei	0.1565	0.1183	13.4703	0	0	0	0	0	0	0	0	0	0	0	0	0	0	0	0	0	0	0	0	0	0	0	0	0	0	0	0	0	0	0	0	0	0	0	0	0	0	0
Allomeiothermus silvanus	0.1565	1.5379	0.4528	0	0.8831	0.1882	0.4371	0.4945	0	0	0.2968	0	0	0	0	0	0	0	0	0	0.2549	0	0	0.2905	0.1604	0.5996	0	0.1766	0	0.1758	0	0	0.2301	0.4539	0	0.208	0.3951	0.3988	0	0.8893	0.3296	0.7457
Allosphingosinicella indica	0	0	0	0	0	0.5645	6.1196	0	0	1.9918	0	0	0	0	0.8074	0	0	0	0	0	0	0	0	0	0	0	0	0	0	0	0	0	0	0	0	0.208	0	0	0	0	0	0
Alloyangia pacifica	0	0	0	0	0	0	0	0	0	0	0	0	0	0	0	0	0	0	0	0	0	0	0	0	0	0	0	0	0	0	0	0	0	0	0	0	0	0	0	0	0	63.6821
Altererythrobacter sp. B11	0	0	0	0	0	0	0	0	0	0	0	0	0	0	1.0093	0	0	0	0	0	0	0	0	0	0	0	0	0	0	0	0	0	0	0	0	0	0	0	0	0	0	0
Aminipila butyrica	0	0	0	0	0	0	0	0	0	0	0	0	0	0	0	0	0	0	0	0	0	0	0.9029	0	0	0	0	0	0	0	0	0	0	0	0	0	0	0	0	0	0	0
Aminobacter sp. MSH1	0	0	0	0	0	0	0	0	0	0	0	0	0	0	0	0	0	0	0	0	0	0	0	0	0	0	0	0	0	0	0	1.3825	0	0	0	0	0	0	0	0	0	0
Amniculibacterium sp. G2-70	2.5038	0	0	0	0	82.2285	0	0	0	0	0	0	0	0	0	0	0	0	0	0	0	0	0	0	0	0	0	0	0	0	0	0	0	0	0	0	0	0	0	0	0	0
Amycolatopsis keratiniphila	0	0	3.3959	0	0	0	2.732	0	0	0	0	0	0	0	0	0	0	0	0	0	0	0	0	0	0	0	0	0	0	0	0	0	0	0	0	0	0	0	0	0	0	0
Amycolatopsis mediterranei	0	0	4.8674	0	0	0	0	0	0	0	0	0	0	0	0	0	0	0	0	0	0	0	0	0	0.0802	0	0	0	0	0	0	0	0	0	0	0	0	0	0	0	0	0
Anaerococcus mediterraneensis	0	0	0	0	0	1.4112	0	0	0	0	0	0	1.6317	0	0	0	0	0	0	0	0	0	0	0	0	0	0	0	0	0	0	0	0	0.4539	0	0	13.0388	0	0	0	8.9001	0
Anaerococcus obesiensis	0	0	0.1132	0	0	1.7876	0	0	0	0	0	1.3762	0	0	0.8074	0	0	0	0	0	0	0	0	0	0.1604	0	0	0	0	0	0	0	0	0	0	0	0	0	0	0	5.7137	59.3571
Anaerococcus prevotii	0.1565	14.196	73.4641	9.0835	0	0	0.2186	0	0	11.9509	0	4.8166	0.8158	0	0	0	1.0218	0	0	0	0	0	0	0.2905	11.5492	0	0	0	0	0	0	0	1.3807	2.1181	29.3355	0.8319	0	1.6948	10.4067	0.0988	24.2831	266.66
Anaerococcus sp. Marseille-Q7828	0	0	41.8824	1.09	0.3533	1.5053	0	0	0	16.5985	0	0	0	0	0	0	0	0	0	0	1.9115	0	0	0	0	0	0	0	0	0	0	0	0	0	0	4.3673	0	0	1.9139	0.0988	0	7.3078
Anaerococcus vaginalis	0	1.3013	0	0	0	0	0	0	0	0	0.2968	3.8533	0	0	0.2019	0	0	0	0	0	0	0	17.758	0	0.3208	0	0	0	0	0	0	0	0	0	0	0	0	0	9.3302	0	0	9.3957
Anaeromicropila herbilytica	0	0	0	0	0	0	0	0	0	0	0	0	0	0	0	0	0	0	0	0	0	0	0	0	0	0	0	0	0	0	0	0	0	0	0	0	0	0	0	0	8.0211	0
Anaerotignum propionicum	0	0	0	0	0	0	0	0	0	0	0	0	0	0	0	0	0	0	0	0	0	0	0	0	0	0	0	0	0	0	2.1348	0	0	0	0	0	0	0	0	0	0	0
Anaerotruncus colihominis	0	0	0	0	0	0	0.5464	0	0	0	0	0	0	0	0	0	0	0	0	0	0	0	0	0	0	0	0	0	0	0	1.6011	4.1476	0	0	0	0	0	0	0	0	0	0
Andhravirus andhra	0	0	0.1132	0	0	22.8622	0	0	0	0	0	0	0	0	0	0.1197	0.3716	0	0	0	0	0	0	0	0.8822	0	0	0	0	0	0	0	0	0	0	0	0	0	0	0.5929	0.3296	1.3423
Anoxybacillus amylolyticus	0	0	0	0	0.1766	0	0	0	0	0	0	0	0.4079	0	0	0	0	0	0	0	0	0	0	0	0.0802	0	0	0	0	0	0	0	0	0	0	0	0	0.0997	0	0	0	0
Anoxybacillus flavithermus	0	0.3549	0	0	65.1761	0	0	0	0	0	0	0	0	0	0	0	0	0	0	0	0	0	0	0	0	0	0	0	0	0	0	0	0	0	6.4711	0	0	0	0	0	0.1099	0
Apilactobacillus kunkeei	0	30.403	0	0	0	0	0	0	0	1.3279	0	0	0	0	0	0	0	0	0	0	0	0	0	0	0	0	0	0	0	0	0	0	0	0	0	0	0	0	0	0	0	0
Aquidulcibacter paucihalophilus	0	0	0	0	0	0	0	0	0	0	0	0	0	0	0	0	0	0	0	0	0	0	0	0	0	0	0	0	0	0	0	0	0	0	0	0	0	31.2042	0	0	0	0
Aquirhabdus parva	43.5031	0	0	0	0	0	0	1.1537	0	0	0	0	0	0	0	0	0	0	0	0	0	0	0	0	0	0	0	0	0	0	0	0	0	0	0	0	0	0	0.1196	0	0	0
Arachidicoccus soli	0	0	0	0	0	0	0	0	0	0	0	0	0	0	0	0	0	0	0	0	0	0	0	0	0	0	0	0	0	0	0	2.765	0	0	0	0	0	0	0	0	0	0
Arachnia propionica	0	0	0.3396	0	0	0	0	0.1648	0	0	0	0	0	0	0	0	0	0	0	0	0	0	0	0	0	0	0	0	0	0	0	0	6.4433	0	0	0	0.3951	0	0	0	0.2198	0
Arachnia rubra	0	0	0.2264	0	0	0	0	0	0	0	0	0	1.6317	0	0	0	0	0	0	0	0	0	0	0	0	0	0	0	0	0	0	0	0.6904	0	0	0.208	0	0	0	0	0.1099	0
Arcanobacterium canis	0.1565	0	91.2358	0	0	0	0	0	0	0	0	0	0	0	0	0	0	0	0	0	0	0	0	0	0	0	0	0	0	0	0	0	0	0	0	0	0	0	0	0	0	0
Arcanobacterium wilhelmae	0	0	42.9012	0	0	0	0	0	0	0	0	0	0	0	0	0	0	0	0	0	0	0	0	0	0	0	0	0	0	0	0	0	0	0	0	0	0	0	0	0	0	0
Arsenicicoccus sp. oral taxon 190	0	0	0	0	0	0	0	0	0	0	0	0	0	0	0	0	0	0	0	0	0	0	0	0	0	0	0	0	0	0	0	0	0	0	0	0	11.0633	0	0	0	0	0
Arsenophonus endosymbiont of Aleurodicus dugesii	0.1565	0.8281	0	0	0	0	0	0	0	0	0	0	0	0	0	0	0	0	0	0	0	0	0	0	0	0.0857	0	0	0	0.791	0	0	0.4602	0	0	0.208	0.3951	0	0	0	0	0
Arthrobacter agilis	0	0	0.1132	0	3.7092	0	0.8742	0	0	0	0	0	0	0	0	0	0	0	0	0	0	0	0	0	0	0	0	0	0	0	0	0	0	0	0	0	0	0	0	3.4586	0	0
Arthrobacter alpinus	0.1565	0	0.566	0	3.0027	0	0	0	0	0	0	0	0	0	0	0	0.0929	0	0	0	0	0	0	0	0	0	0	0	0	0	0	2.765	0	0	0	0	0	0	0	0	0	0
Arthrobacter antioxidans	0	0	0	0	0.5299	0	1.8577	0	0	0	0	0	0	0	0	0	0	0	0	0	0.1274	0	0	0	0	0	0	0	0	0	0	0	0	0	0	0	0	0	0	0.2964	0	0
Arthrobacter crystallopoietes	0	0	0.3396	0	0.7065	0	0.1093	0	0	0	0	0	0	0	0	0	0	0	0	0	0	0	0	0	0	0.1713	0	0.8829	0	0	0	0	0	0	0	0	0	0	0	0.2964	0	0
Arthrobacter gengyunqii	0	0	0	0	3.0027	0	0	0	0	0	0	0	0	0	0	0	0	0	0	0	0	0	0	0	0	0	0	0	0	0	0	0	0	0	0	0	0	0	0	0.0988	0	0
Arthrobacter sp. 24S4-2	0	0	0.1132	0	3.356	0	0	0	0	0	0	0	0	0	0	0	0	0	0	0	0	0	0	0	0	0	0	0	0	0	0	0	0	0	0	0	0	0	0	0	0	0
Arthrobacter sp. AQ5-05	0	0	0.1132	0	2.6494	0	0	0	0	0	0	0	0	0	0	0	0	0	0	0	0	0	0	0	0	0	0	0	0	0	0	0	0	0	0	0	0	0	0	0	0	0
Arthrobacter sp. CDRTa11	0	0	0.1132	0	4.5924	0	0	0	0	0	0	0	0	0	0	0	0	0	0	0	0	0	0	0	0	0	0	0	0	0	0	0	0	0	0	0	0	0	0	0	0	0
Arthrobacter sp. EM1	0	0	0	0	3.0027	0.0941	0	0	0	0	0	0	0	0	0	0	0	0	0	0	0	0	0	0	0	0	0	0	0	0	0	0	0	0	0	0	0	0	0	0	0	0
Arthrobacter sp. FW305-123	0	0	0	0	0	0	0	1.3186	0	0	0	0.1376	0	0	0	0	0	0	0	0	0	0	0	0	0	0	0	0.1766	0	0	0	0	0	0	0	0	0	0	0	0.0988	0	0
Arthrobacter sp. FW306-05-C	0	0	0	0	3.356	0	0	0	0	0	0	0	0	0	0	0	0	0	0	0	0	0	0	0	0	0	0	0	0	0	0	0	0	0	0	0	0	0	0	0	0	0
Arthrobacter sp. Helios	0	0	0.1132	0	0.1766	0	0	0	0	0	0	0	0	0	0	0	0	0	0	0	0	0	0	0	0	0	0	0	0	0	0	0	54.9982	0	0	0	0	0	0	0	0	0
Arthrobacter sp. KFRI-F3372	2.5038	0	0.1132	0	43.2741	0	0	0	0	0	0	0	0	0	0	0	0	0	0	0	0	0	0	0	0	0	0	0	0	0	0	0	0	0	0.4314	0	0	0	0	0	0	0
Arthrobacter sp. LS16	0	0	0.2264	0	0	0	0	0	0	0	0	0	0	0	0	0	0	0	0	0	0	0	0	0	0	0	0	0	0	0.3515	0	0	0	0	0	0	0	0.0997	0	0	0	0
Arthrobacter sp. NEB 688	0	0	0.1132	0	0	0	0	0	0	0	0	0	0	0	0	0	0	0	0	0	0	0	0	0	0	0	0	0	0	0	0	0	0	0	0	0	0	344.143	0	41.9968	0	1.044
Arthrobacter sp. NicSoilB11	0	0	0	0	3.0027	0	0	0	0	0	0	0	0	0	0	0	0	0	0	0	0	0	0	0	0	0	0	0	0	0	0	0	0	0	0	0	0	0	0	0	0	0
Arthrobacter sp. NicSoilC5	0	0	0	0	46.9833	0	0	0	0	0	0	0	0	0	0	0	0	0	0	0	0	0	0	0	0	0	0	0	0	0	0	0	0	0	0	0	0	0	0	0	0	0
Arthrobacter sp. NtRootA4	0	0	0	0	0.1766	0	0	0.1648	0	0	0	0	0	0	0	0	0	0	0	0	0	0	0	0	0	0	0.6899	0	0	0	0	0	0	0	0	0.208	0	0	0	0	0	0
Arthrobacter sp. NtRootA9	0	0	0	0	45.5703	0	0	0	0	0	0	0	0	0	0	0	0	0	0	0	0	0	0	0	0	0	0	0	0	0	0	0	0	0	0	0	0	0	0	0.0988	0	0
Arthrobacter sp. PAMC25564	0	0	0	0	2.6494	0	0	0	0	0	0	0	0	0	0	0	0	0	0	0	0	0	0	0	0	0	0	0	0	0	0	0	0	0	0	0	0	0	0	0	0	0
Arthrobacter sp. Rue61a	0.4695	0	0	0	0	0	0	8.7354	0	0	0	0	0	0	0	0	0	0	0	0	0	0	0	0	0	0	0	0	0	0	0	0	0	0	0	0	0	0	0	0	0	0
Arthrobacter sp. StoSoilB13	0	0	0	0	0	0.0941	0	0.4945	0	0	0	0.8257	0	0	0	0	0	0	0	0	0	0	0	0	0	0	0	0	0	0	0	0	0	0	0	0	0	0	0	0	0	0
Arthrobacter sp. StoSoilB22	0	0	0	0	0	0	0	1.9778	0	0	0	0	0	0	0	0	0	0	0	0	0	0	0	0	0	0	0	0	0	0	0	0	0	0	0	0	0	0	0	0	0	0
Arthrobacter sp. UKPF54-2	0	0	0	0	3.1793	0	0	0.1648	0	0	0	0	0	0	0	0	0	0	0	0	0	0	0	0	0	0	0	0	0	0	0	0	0	0	0	0	0	0	0	0	0	0
Arthrobacter sp. YN	0	0	0	0	0	14.5829	0	0.1648	0	0	0	0.1376	0	0	0	0	0	0	0	0	0	0	0	0	0	0	0	0	0	0	0	0	0	0	0	0	0	0	0	0	0	0
Arthrobacter sp. zg-Y820	0	0	0	0.7267	4.5924	0	0	0	0	0	0	0	0	0	0	0	0	0	0	0	0	0	0	0	0	0	0	0	0	0	0	0	0	0	0	0	0	0	0	0	0	0
Arthrobacter sp. zg-Y919	0	0	0.1132	0	4.769	0	0	0	0	0	0	0	0	0	0	0	0	0	0	0	0	0	0	0	0	0	0	0.1766	0	0	0	0	0	0	0	0	0	0	0	0	0	0
Arthrospira platensis	0	0	0	0	0	0	0	0	0	0	0	0	0	0	0	0	0	0	0	0	0	0	0	0	0	0	0	0	0	0	0	2.0738	0	0	0	0	0	0	0	0.0988	0	0
Arthrospira sp. TJSD092	0	0	0	0	0	0	0	0	0	0	0	0	0	0	0	0	0	0	0	0	0	0	0	0	0	0	0	0	0	0	0	2.0738	0	0	0	0	0	0	0	0	0	0
Asticcacaulis excentricus	0.7824	0	0	0	0	0	0	0	0	0	0	0.1376	0	0.2862	0	0	0	0	0	0	0	0	0.602	0	0	0	0	0	0	0	0	0	0	0	0	0	7.9023	0.0997	0	1.5811	0	0
Atlantibacter hermannii	0.1565	0.8281	0	0.3633	0	0	0	0	0	0	0	0	0	0	0	0	0	0	0	0	0	0	0	0	0	0.1713	0	0	0	0.4394	0	0	0	0	0	0	0	0	0	0	0	0
Aureimonas altamirensis	31.4537	0	0	0	0	0	0.1093	0	0	0	3.5622	0	0	0	0	0	0	0	0	0	0	0	0	0	15.1583	0	0	0	0	0	0	0	0	0	0	0	0	0	0	0	0.2198	0
Azospira sp. I09	0	0	0.2264	0	0	0	0	5.1094	0.6397	1.3279	0.2968	0	0	0	0	0	0	0	0	0	0.1274	0	0	0	0	0	0	0	2.2924	0.1758	0	0	0.2301	0	0	0.208	0	0	0.2392	0.0988	0.1099	0
Azospirillum thermophilum	0	0	0	1.09	0	0	0	0	0	0	0	0	0.4079	0	0	0	0	0	0	0	0	0	0	0	0	0	0	0	0	0	0	0	0	0	0	0	0	0	0	0	0	0
Azotobacter chroococcum	0.1565	0.7098	0	0	0	0	1.0928	0	0	0	0	0	0	0	0	0	0	0	0	0	0	0	0	0	0.0802	0.1713	0	0.8829	0	0	0	0	0	0	1.2942	0	0	0.1994	0	0.7905	0	0
Bacillus amyloliquefaciens	0	25.0795	0	0	0	0	0	0	0	0	0	0	0	0	0	0	0	0	0	0	0.1274	0	0	0	0	0	0	0	0	0	0	0	0	0	0	0	0	0	0.1196	0	0.2198	0
Bacillus anthracis	7.3548	2.9575	114.781	1.09	37.4454	27.2841	32.0187	8.2409	5.1173	9.2952	12.7645	4.4038	2.8554	2.0035	1.2111	0.4787	0.4644	0.1854	0.096	0	18.0959	2.6895	0	6.1	9.4639	22.6126	7.5887	4.0614	0	75.6699	1.868	44.9319	8.2843	16.4909	20.276	15.3896	3.1609	10.9663	0.3589	18.2809	11.0977	10.5888
Bacillus atrophaeus	0	176.385	0	0	0	0	0	0	0	0	0	0	0	0	0	0	0	0	0	0	0	0	0	0	0	0	0	0	0	0	0	0	0	0	0	0	0	0	0	0	0	0
Bacillus cereus	0.7824	53.2348	0	0	0	0	0	0	0	0	0	0.1376	0	0	0	0	0	0	0	0	0	0	0	0	0	0	0	0	0	0	0	0	0	0	0	0	0	0	0	0	0.5494	0
Bacillus fonticola	0	91.3273	0	0	0	0	0	0	0	0	0	0	0	0	0	0	0	0	0	0	0	0	0	0	0	0	0	0	0	0	0	0	0	0	0	0	0	0	0	0	0	0
Bacillus halotolerans	0	884.644	0	0	0	0	0	0	0	0	0	0	0	0	0	0	0	0	0	0	0	0	0	0	0	0	0	0.1766	0	0	0	0	0	0	0	0	0	0	0	0	0	0
Bacillus paralicheniformis	0	65.538	0	0	0	0	0	0	0	0	0	0	0	0	0	0	0	0	0	0	0	0	0	0	0	0	0	0	0	0	0	0	0	0	0	0	0	0	0	0	0	0
Bacillus sp. (in: firmicutes)	0	254.344	0	0	0	0	0	0	0	0	0	0	0	0	0	0	0	0	0	0	0	0	0	0	0	0	0	0	0	0	0	0	0	0	0	0	0	0	0	0	0	0
Bacillus sp. LM 4-2	0	15.4972	0	0	0	0	0	0	0	0	0	0	0	0	0	0	0	0	0	0	0	0	0	0	0	0	0	0	0	0	0	0	0	0	0	0	0	0	0	0	0	0
Bacillus sp. THAF10	0	41.7598	0	0	0	0	0	0	0	0	0	0	0	0	0	0	0	0	0	0	0	0	0	0	0	0	0	0	0	0	0	0	0	0	0	0	1.1854	0	0	0.0988	0	0
Bacillus sp. ZY-1-1	0	94.1665	0	0	0	0	0	0	0	0	0	0	0	0	0	0	0	0	0	0	0	0	0	0	0	0	0	0	0	0	0	0	0	0	0	0	0	0	0	0	0	0
Bacillus spizizenii	0	7371.72	0	0	0	0	0	0	0	15.9346	0	0	0	0	0	0	0	0	0	0	0	0	0	0	0	0	0	0	0	0	0	0	0	0	0	0	0	0	0	0	0	0
Bacillus subtilis	0	2754.37	0.3396	0	0.1766	0.8467	0	0.3296	0	3.3197	0	0.1376	0	0	0	0.1197	0	0	0	0	0	0	0	0	0	0	0	0.1766	0	0	0	0	0	0.3026	0	0	0	0.0997	0.7177	0.1976	2.9667	0
Bacillus velezensis	0	1012.05	0	0.7267	0	0	0.4371	0	0	5.9755	0	0	0	0	0	0	0	0	0	0	0	0	0	0	0	0	0	0.1766	0	0	0	0	0	0	0.4314	0	0	0.0997	0.5981	0	0.3296	0
Bacteroides fragilis	0	0	0	0	0	0	0	0	0	0	0	0	0	0	0	0	0	0	0	0	0.2549	0	0.301	0	0	0	0	0	0	0	14.9438	0	0	0	0	0	0.7902	0	0	0.0988	0	0.5966
Bacteroides helcogenes	0	0	0	0	0	0	0	1.9778	0	0	0	0	0	0	0	0	0	0	0	0	0	0	0	0	0.0802	0	0	0	0	0	0	0	0	0	0	0	0	0	0	0	0	0
Bacteroides intestinalis	0	0	0	0	0	0	0	0	0	0	0	0	0	0	0	0	0	0	0	0.1861	0	0	0	0	0	0	0	0	0	0	0	0	0	0	0	0	0	0	0	0	0	0
Bacteroides nordii	0	0	0	0	0	0	0	0	0	0	0	0	0	0	0	0	0	0	0	0	0	0	0	0	0	0	0	0	0	0	0.5337	0	0	0	0	0	0	0	0	0	0	0
Bacteroides thetaiotaomicron	0	0	0	0	0	0	0	0.1648	0	0	0	0	0	0	0	0	0	0	0	0	0	0	0	0	0	0	0	0	0	0	0.5337	4.1476	0	0	0	0	0	0	0	0.0988	0	0.4474
Baekduia soli	0	0	0	0	0	0	0	0	0	0	0	0	0	0	0	0	0	0	0	0	0	0	0	31.9522	0	0	0	0	0	0	0	0	0	0	0	0	0	0	0	0	0	0
Bibersteinia trehalosi	0	0	0	0	0	0	0.1093	0	0	0	0	0	0	1.5742	0	0	0	0	0	0	0	0	0	0	0	1.7987	0	0	0	0	0	0	0	0	0	0	0	0	0	0	0	0
Bifidobacterium actinocoloniiforme	0	0	0	0	0	0	0	0	0	0	0	0	0	0	0	0	0	0	0	0	0	0	0	0	0	0	0	0	0	0.3515	0	0	0	0	0	0	0	0	0	0	0	0
Bifidobacterium adolescentis	0	0.1183	0	0	0	0	0	0	0	0	0	0	0	0	0	0	0	0	0	0	0	0	0	0	0	0	0	0	0	0	0	0	0	0.1513	0	0	0	0	0	24.704	0	0
Bifidobacterium bifidum	0	0	0.3396	0	0	0	0	0	0	0	0	0	0	0	0	0	0	0	0	0	0	0	0	0	0	0	0	0	0	0	4.0028	0	0	0	0	0	0	0	0	0	0	0
Bifidobacterium dentium	0	0	0	0	0	0	0	0	0	0	0	0	0	0	0	0	0	0	0	0	0	0	0	0	0	0	0	0	0	0	0	0	0	0	0	0	0	0	0.8373	0.2964	0	0
Bifidobacterium pseudocatenulatum	0	0	0	0	0	0	0	0	0	0	0	0	0	0	0	0	0	0	0	0	0	7.6202	0	0	0	0	0	0	0	0	0	0	0	0	0	0	0	0.0997	0	0.2964	0	0
Blastococcus saxobsidens	0	0	0	0	0	0	0.1093	0	0	0	0	0	1.6317	0	0	0	0.6502	0	0	0	0	1.5689	0	2.9047	0	0	0	0.3532	0	0	0	0	0	0	0	0	0	52.9375	0	0	0.3296	0
Blautia massiliensis (ex Durand et al. 2017)	0	0	0	0	0	0	0	0	0	0	0	0	0	0	0	0	0	0	0	0	0	0	0	0	0	0	0	0	0	0	0.2669	0	0	0	0	0	0	0	0	0	0	18.7915
Blautia obeum	0	0	0.2264	0.7267	0	0	0	64.4439	0	0	0	0	0	0	0	0	0	0	0	0	0	0	0	0	0	0	0	0	0	0	0	0	0	0	0	0	0	0	0	0	0	0.4474
Blautia sp. KLE_1732_HM_1032	0	0	0	0	0	0	0	0	0	0	0	0	0	0	0	0	0	0	0	0	0	0	0	0	0	0	0	0	0	0	0	0	0	0	0	0	0	0	0	0	0	4.1759
Blautia sp. SC05B48	0	0	0	0	0	0	0	0	0.6397	0	0	0	0	0	0	0	0	0	0	0	0	0	0	0	0	0	0	0	0	0	0.2669	0	0	0	0	0	0	0	0	0	0	30.4243
Blautia wexlerae	0	0	0.1132	0	0	0	0	0	45.4161	0	0	0	0	0	0	0	0	0	0	0	0	0	0.301	0	0	0	0	0	0	0	1.0674	0	0	0	0	0	0	0	0	0	0	1.7897
Bordetella hinzii	0.1565	0	0.1132	0	0	0	0	0.3296	0.6397	5.9755	0	0	0	0	0.2019	0	0	0	0	0	0	0	0	0	0	0	0	0	0	0.0879	0	0	0	0.3026	0	0.4159	0	0	0	0.6917	0.2198	0
Bordetella trematum	0	0	0	0	0	0	0.1093	0.1648	0	0	0	0	0	0	0	0	0	0	0	0	0	0	0	0	0	0	0	0	0	0	0	0	0	0	4.314	0	0.3951	0	0	0	0.1099	0
Bosea sp. ANAM02	0	0	0	0	0	0	0	0	0	0	0	0	0	0	0	0	0	0	0	0	0	0	0	0	0	0	0	0	0	0	0	0	2.9915	0	0	0	0	0	0	0	0	0
Bosea sp. AS-1	0	0	0	0	0	0	0	0.1648	0	0	0	0	0	0	0	0	0	0	0	0	0.2549	0	0	0	0.0802	0	0	0	0	0.2637	0	0	2.0711	0	0	0	0	0	0.1196	0.0988	0.5494	0
Bosea sp. F3-2	0	0	0	0	2.6494	0	0	0	0	0	0	0.1376	0	0	0	0	0	0	0	0	0	0	0	0	0	0	0	0	0	0	0	0	8.5144	0	0	0	0.3951	0	0	0	0	0
Bosea sp. NBC_00550	0	0	0	0	6.3587	0	0.1093	0	0	0	0	0	0	0	0	0	0	0	0	0	0	0	0	0	0	0	0	0	0	0	0	0	1.3807	0	0	0	0	0	0	0	0.3296	0
Bosea vaviloviae	0	0	0	0	3.5326	0	0	0	0	0	0	0	0	0	0	0	0	0	0	0	0	0	0	0	0	0	0	0	0	0	0	0	0	0	0	0	1.1854	0	0	0	0	0
Bradyrhizobium barranii	1.0954	0	0	0	0.3533	0	0	0	0	0.6639	0.2968	0	0	0	0	0.4787	0.0929	0	0	0	0	0	0	0	0	0.1713	1.3798	1.2361	0	0.1758	0	0	0	2.1181	0	0	0.3951	39.1797	0.3589	0.4941	0	0
Bradyrhizobium denitrificans	0	0	0.4528	0	0.3533	0	0.3278	0	0	8.6312	0	0	0	0	0	0	0	0	0	0	0	9.6373	0	0	0	0.257	0	0	0	0	0	0	0	0	0.8628	16.8454	0	2.6917	0	0	3.0766	0
Bradyrhizobium diazoefficiens	0.7824	0	0	2.18	1.413	0	0	0	1.2793	0	1.7811	0	0	0.1431	0	0.2394	0	0	0	0	0	0	0	0	0.0802	0	0	0.7063	0	0.1758	0	0.6913	0	1.3616	0	0.4159	0	0	0.2392	0.5929	0.5494	0
Bradyrhizobium elkanii	0	0	0	0.3633	0	0	0	0	0	0.6639	0	0.4129	0	0.7156	0	0	0	0	0	0	0	0	0	0	0.0802	0	0	0	0	0.0879	0	0	0	0.1513	0	0.8319	0	0.1994	0	0	0.2198	0
Bradyrhizobium erythrophlei	0	0	0	0	0.1766	14.3006	0	0	0	0	0	0	0	0	0	0	0	0	0	0	0	0	0	0	0	0	0	0.7063	0	0.1758	0	0	0	0	0	0	0	0.2991	0	0	0	0.1491
Bradyrhizobium genosp. L	0	0	0	0	0	0	0	0	0	0	0	0	0	0.5724	0	0	0	0	0	0	0	0	0	0	0	0	0	0	0	0	0	0	0	0	0	0.208	0	0	0	0	0	0
Bradyrhizobium japonicum	4.2251	0	0	0	2.2962	1.8817	0	0	2.5587	0	0.2968	1.2386	0	0.4293	0	2.3935	0	0	0	0	0.5097	0.8965	0	0.5809	0	0.1713	2.0696	1.4127	2.2924	2.6366	0	0	0	2.1181	0	0.8319	0	0.0997	2.512	0.4941	0.2198	0
Bradyrhizobium oligotrophicum	0	0	0.1132	0	0	0	0	0	0	0	0	0	0	0	0	0	0	0	0	0	0	0	0	0	0	0	0	0	0	0	0	0	0	0	0	0	0	0	5.3828	0	0	0
Bradyrhizobium quebecense	0	0	0.1132	0	0	0	0	0	0	0	0	0.4129	0	0.4293	0	0	0	0	0	0	0	0	0	0	0	0	0	0	0	0	0	0	0	0	0	1.0398	0	0	0	0	0	0
Bradyrhizobium sediminis	0	0	53.9944	0.3633	0	5.2687	0	0	0	0	0	0	0	0	1.2111	0.5984	0	0	0	0	0	0	0	0	0	0.257	0	0.3532	0	0	0	0	0	0	0	0	0	0.1994	0	1.087	0	0
Bradyrhizobium septentrionale	0	0	9.0557	0	0	0	0	0	0	0	0	0	0	0.1431	0	0	0	0	0	0	0	0	0	0	0	0	0	0	0	0	0	0	0	0	0	0	0	0	0	0	0	0
Bradyrhizobium sp. 131	0	0	0	0	0	0	0	0	0	0	0	0	0	0	0	0	0	0	0	0	0	0	0	0	0	0	0	0	0	0	0	0	0	0	0	0	0	2.7914	0	0	0	0
Bradyrhizobium sp. BTAi1	0	0	0.6792	0	0	0	0.3278	0	0	0	0	0	0	0.1431	0	0	0	0	0	0	0.5097	0	0	0	0.4812	0	0.6899	0	0	0	0	0	0	0	0	0.6239	0	0	0	0	0.1099	0.1491
Bradyrhizobium sp. cana6a.9	0	0	0	0	0	0	0	0	0	0	0	0	0	0.8587	0	0	0	0	0	0	0	0	0	0	0	0	0	0	0	0	0	0	0	0	0	0	0	0	0	0	0	0
Bradyrhizobium sp. CB1015	0	0	0	0	0	0	0	0	0	0	0	0	0	0.4293	0	0	0	0	0	0	0	0	0	0	0	0	0	0	0	0	0	0	0	0	0	0	0	0	0	0	0	0
Bradyrhizobium sp. CB3481	0	0	0	0	0	0	0	0	0	0	0	0	0	0	0	0	0	0	0	0	0	0	0	0	0	0	0	0	0	0	0	0	0	0	0	0	0	3.3896	0	0	0	0
Bradyrhizobium sp. CCBAU 51753	0	0	4.7542	0	0	0	0	0	0	0	0	0.1376	0	0	0	0	0	0	0	0	0	0	0	0	0	0	0	0	0	0	0	0	0	0	0	0	0	0	0	0	0	0
Bradyrhizobium sp. CCBAU 53340	0	0	0	0	0	0	0	0	0	3.3197	0	0	0	0	0.2019	0	0	0	0	0	0	0	0	0	0	0	0	0	0	0	0	0	0	0	0	0	0	0	0	1.4822	0.2198	0
Bradyrhizobium sp. cng5	0	0	0	0	0	0	0	0	0	0	0	0	0	0	2.2204	0	0	0	0	0	0	0	0	0	0	0	0	0	0	0	0	0	0	0	0	0	0	0	0	0	0	0
Bradyrhizobium sp. crc15	0	0	0	0	0	0	0	0	0	0	0	0	0	0.7156	0	0	0	0	0	0	0	0	0	0	0	0	0	0	0	0	0	0	0	0	0	0	0	0	0	0	0	0
Bradyrhizobium sp. ORS 278	0	0	0	0	0	0	9.1794	0	0	0	0	0	0	0	0	0	0	0	0	0	0.892	0	0	0	0	0	0	0	0	0.0879	0.8006	0	0	0	0	0.4159	0	0	0	0	0	0
Bradyrhizobium sp. ORS 285	0	0	0	0	0	0	0.765	0	0	0	0	0	0	0	0	0	0	0	0	0	1.6567	0	0	0	0	0	0	0	0	0	0	0	0	0	0	0	0	0	0	0	0	0
Bradyrhizobium sp. phym.6a	0	0	0	0	0	0	0	0	0	0	0	0	0	0.5724	0	0	0	0	0	0	0	0	0	0	0	0	0	0	0	0	0	0	0	0	0	0	0	0	0	0	0	0
Bradyrhizobium sp. PSBB068	0.1565	0	0.6792	0	0.7065	0.3763	0.3278	0.8241	0	0.6639	0	0	0	1.5742	0	0	0	0	0	0	0	0	0	0.5809	0.0802	0.6852	0	0.1766	0	0.1758	0	0	0	0.4539	0	0.4159	0.3951	0.1994	0.2392	0.9882	1.0988	0.7457
Bradyrhizobium sp. SK17	0	0	0.4528	0.3633	0	0	5.9011	0.4945	0	0	0.2968	0	0	0.2862	0	0	0	0	0	0	0	0	0	0.5809	0.0802	0	0	0	0	0.0879	0	0	0	0.1513	0	0.208	0	0.1994	0	0	0	0
Bradyrhizobium sp. stg1	0	0	0	0	0	0	0	0	0	0	0	0	0	0	0.8074	0	0	0	0	0	0	0	0	0	0	0	0	0	0	0	0	0	0	0	0	0	0	0	0	0	0	0
Bradyrhizobium sp. Vp13-1	0	0	0	5.8134	0	0	0	0	0	0	0	0	0	0	0	0	0	0	0	0	0	0	0	0	0	0.0857	0	0	0	0	0	0	0	0	0	0	0	0	0	0	0	0
Bradyrhizobium sp. WD16	0	0	0	0	0	66.3285	0	0	0	0	0.5937	0	2.8554	0	0.6056	0	0	0	0	0	6.4992	0	0	0	0	0	0	3.8848	0	0	2.4017	0	0	0	0	0	0	0	0.1196	0	0	0
Brevibacillus agri	0	0.1183	0	0	0	0	0	0	0	0	0	0	0	0	0	0	0	0	0	0	0	0	0	0	0	0	0	0	0	0	0	0	0	0	0	0	0	0	0.8373	0	0	0
Brevibacillus brevis	0	14.7874	0	1.4534	0.3533	0	0	0	0	0	0	0	0	0	0	0	0	0	0	0	0	0	0	0	0	0	0	0	0	0	0	0	0	0	0	0	0	0	4.1866	0	0.1099	0
Brevibacillus parabrevis	0	0.7098	0	0	0	0	0	0	0	0	0	0	0	0	0.2019	0	0	0	0	0	0	0	0	0	0	0	0	0	0	0	0	0	0	0	0	0	0	0	0.1196	0	0	0
Brevibacterium linens	0.1565	0	0.2264	0	0.3533	0.1882	0.2186	0.3296	0	0	0	0	0	0	0	0	0	0	0	0	0.1274	0	0	0	0	0.0857	0	0	4.5847	0	0	0	0	0.1513	0	0	0.3951	0	0	0.0988	0.1099	0
Brevibacterium luteolum	0	0	0.1132	0.3633	0	0	0.1093	0	3.1983	0	0	0	0	0	0	0	0	0	0	0	0	0	0	0	0.0802	0	0	0	0	0	0.2669	0	0	0	0	0	0	0	0	0.0988	0.1099	0.7457
Brevibacterium sp. JSBI002	0.7824	0	0.2264	0	0.8831	0.0941	0	0	0	0	0.2968	0	0	0	0	0.1197	0	0	0	0	0.1274	0	0	0	0.1604	0	0	0	0	0	0	0	0.2301	0	0	0.208	0	0.2991	0	0.0988	0	0
Brevibacterium spongiae	0	0	0	0	0	0	0	0	0	0	0	0	0	0	0	0	0	0	0	0	0	0	0	0	0	0	0	0	0	0	0	0	0	0	0	0	0	0	0	3.2609	0	0
Brevundimonas albigilva	0.7824	0.3549	0	0	0.3533	0	0.2186	0	0	0	0.2968	0	0	0	0	0	0	0	0	0	0	0	0	0	0	0	0	0	0	0	0	0	0	0	0	0	0	28.5125	0.1196	0.6917	0	0
Brevundimonas diminuta	0.7824	0	0.566	0	0	0.8467	0.8742	0	1.2793	0	0.5937	0	0	8.8728	0.2019	0.1197	0	0	0	0	0	0	0	0.2905	0	0	0	0	0	0.1758	0	0	0	0	0.4314	0	0.3951	3.1902	0	1.1858	0	0.1491
Brevundimonas mediterranea	0.1565	0	0	0	0	0.0941	0.1093	0	0	0	0	3.1652	0	0	0	0	0	0	0	0	0	0	0	0	0	0.0857	0	0	0	0	0	0	0	0	0	0	0	0.7976	0	0.8893	0	0.1491
Brevundimonas naejangsanensis	7.9808	0.1183	0	0	0	0	1.2021	0	0	0	0	0	0	0.1431	0	0	0	0	0	0	0	0	0.301	0	0	0.0857	0	0	2.2924	0.1758	0	0	0	0	0	0	0	4.7853	0	0.4941	0	0
Brevundimonas nasdae	1.0954	0.2366	1.4716	0	0.7065	0.5645	0.3278	1.1537	0	1.9918	0	0	0	0.1431	0	0	0.2787	0	0	0	0	0	0	0.5809	0	0.4283	0	0.1766	0	0	0	0	0	0	0	0.8319	0	11.7639	0	0.6917	0.6593	0
Brevundimonas sp.	5.79	0.9464	1.2452	0	0	0.1882	0	0.4945	0	8.6312	0	11.4222	0.8158	2.4329	0	0	0	0	0	0	0.1274	0	0.301	0.5809	0.0802	0.1713	0.6899	0	0	0.0879	0	0	0.2301	0.6052	0.8628	0	0.7902	6.181	0	6.5219	0.4395	0
Brevundimonas sp. GW460-12-10-14-LB2	22.8469	0	0	0	0	0	0	0	0	0	0	0	0	0.1431	0	0	0	0	0	0	0	0	0.301	0	0	0	0	0	0	0	0	0	0	0	0	0	0	0.4985	0	0.0988	0	0
Brevundimonas sp. LM2	0	0	0	0	0	0	0.2186	0	0	0	0	0	0	0	0	0	0	0	0	0	0	0	0	0	0	0	0	0	0	0	0	0	0	0	0	0	0	7.0783	0.3589	0.9882	0	0
Brevundimonas sp. M20	0	0	0	0	0	0	0	0	0	0	0	0	0	0.1431	0	0	0	0	0	0	0	0	0	0	0	0	0	0	0	0	0	0	0	0	0	0	0	78.3594	0	4.2491	0	0
Brevundimonas sp. NIBR11	0.1565	0	0	0	0	0	0	0	0	0	0	0	0	0	0	0	0	0	0	0	0	0	0	0	0	0	0	0	0	0	0	0	0	0	0	0	0	0.1994	2.512	0	0	0
Brevundimonas sp. PAMC22021	0	0	0	0	0	0	15.6269	0	0	0	0	0	0	0	0	0	0	0	0	0	0	0	0	0	0	0	0	0	0	0	0	0	0	0	0	0	0	0.2991	0	0	0	0
Brevundimonas sp. 'scallop'	0	0	0	0	0	0	0	0	0	0	0	0	0	0	0	0	0	0	0	0	0	0	0	0.2905	0	0.0857	0	0	0	0	0	0	0	0	0	0	0	94.9086	0	0.1976	0	0
Brevundimonas subvibrioides	0.1565	0	0	0	0	0	0	0	0	0	0	0.4129	0	0	0	0	0	0	0	0	0	0	0	0	0	0	0	0	0	0	0	0	0	0	0	0	0.7902	58.7197	0	2.4704	0	0
Brevundimonas vesicularis	4.6946	0.4732	0.1132	0	0.3533	0	0	0	0	0	0	0	4.8949	1.8604	0	0	0	0	0	0	0	0	0.9029	0	0.0802	0.0857	0	0	0	0	0	0.6913	0	0	4.314	0	1.9756	24.1259	0	2.4704	0.1099	0
Brochothrix thermosphacta	0.4695	0.9464	4.1882	1.09	21.3721	3.1047	5.6825	1.813	90.8322	0	143.675	0.1376	0	68.8359	1.413	4.1886	0.2787	0	0	0.1861	0	0	0	0	6.2558	32.9766	169.02	0.1766	0	76.4609	0	1.3825	0	0	19.4132	79.4437	0.7902	4.9847	0	0.1976	11.5372	17.4492
Brooklawnia sp. SH051	0	0	0	3.9967	0	0	0	0	0	1.9918	0	0	0	0	0	0	0	0	0	0	0	0	0	0	0	0	0	0	0	0	0	0	0.2301	0	0	0	0	0	0	0	0	0
Brucella abortus	0	0	0	0	0	0	0	0.6593	0	0	0	0	0	0.2862	0	0	0.0929	0	0	0	0	0	0	0.2905	0	0.0857	0	0	0	0	0	0	0	0	0	1.4558	0	0	0	0	0	0
Brucella anthropi	0.1565	0	2.4903	0	0.1766	0.3763	0.1093	0.8241	0	1.3279	0	0.1376	1.2237	7.8711	0.4037	0	0	0	0	0	0.1274	0	0	3.4857	0.4812	0.1713	0	0	0	0.5273	0	0.6913	0	0.6052	0	5.8231	1.5805	0.6979	0	0.6917	0	0.4474
Brucella intermedia	0	0	0.2264	0	0	0	0	0	0.6397	0	0	0	0	0.4293	0	0	0	0	0	0	0	0	0	0	0	0.1713	0	0	0	0	0	0	0	0.3026	38.395	1.2478	0	0	0.1196	0.2964	0.3296	0
Brucella melitensis	0	0.1183	0	0	0	0	0	0.6593	0	0	0	0	0	0.1431	0	0	0.0929	0	0	0	0	0	0	0	0	0	0	0	0	0	0	0	0	0	0	0.6239	0	0	0	0	0	0
Brucella pseudogrignonensis	0	0	0	0	0	0	0	0	0	0	0	0	0	0.1431	0	0	0	0	0	0	0	0	0	0	0	0	1.3798	0	0	0	0	0	0	0	0	0	0	0	0	0.2964	0	0
Brucella suis	0	0.1183	0	0.3633	0.1766	0	0	0.1648	0	0	0	0	0	0.1431	0	0	0.9289	0	0	0	0	0	0	0.2905	0	0	0	0	0	0	0	0	0	0	0.4314	6.0311	0	0	0	0	0	0
Buchnera aphidicola	0.6259	1.183	0	0	0.7065	0	0.1093	0	0	0	0	0	0	0	0	0	0	0	0	0	0	0	0	0	0	0	0	19.9537	0	0	0	0	1.1506	0	0	0	0	0	0	0	0	0
Burkholderia cenocepacia	0.4695	0.1183	0.7924	0	0.1766	0	0.1093	0.1648	0	0	0	0.4129	0.8158	0	0	0	0	0	0	0	0.1274	0.2241	0	0.2905	0	0.3426	0	0	0	0.1758	0	0	0.2301	1.8155	0	0.208	1.5805	0.0997	0	0.3953	0.6593	0.1491
Burkholderia cepacia	0	0	0	0.3633	0	0	0	0.3296	0	0	0	0	0	0	0	0	0	0.0927	0	0.1861	0	0.4482	0	0	0	0	1.3798	0	0	0	0	0	0	0.6052	0	0.208	0.7902	0	0	0.3953	0.1099	0.1491
Burkholderia contaminans	0	0.7098	14.7155	6.5401	2.1196	1.3172	1.6392	5.1094	0.6397	0	1.4842	0.9633	0.4079	0	0.8074	0.2394	0.1858	0	0	0	0.6372	0	0	1.7429	0.8822	1.5418	0	0	0	0.9667	0.5337	0.6913	1.1506	7.1107	16.8248	38.4741	0.7902	1.3957	0	3.1621	2.6371	0.8948
Burkholderia glumae	0	0	0	0	0.7065	0	0	0	0	0.6639	0	0	0	0	0.2019	0	0	0	0	0	0	0	0	0	0	0	0	0	0	0	0	0	0	0.1513	0	0	0.7902	0	0	0	0.2198	0.1491
Burkholderia multivorans	0.1565	0.3549	0.4528	0	0.1766	0	0.1093	0.1648	0	3.3197	0	0	0	0	0.4037	0	0	0	0	0	0	0	0	0.8714	0.0802	0.257	0	0	0	0	0.2669	0	0	1.0591	0	0.4159	1.9756	0.0997	0	0.4941	0	0.1491
Burkholderia pseudomallei	1.4084	0.7098	0	1.09	0.7065	0	0.3278	0.4945	0	0	0.2968	0.1376	0	0	0.2019	0	0	0	0	0	0.2549	0.4482	0	0	0	0.4283	0	0	0	0.3515	0	0	0.6904	4.9926	0	0	3.5561	0.0997	0	3.1621	1.0988	0
Burkholderia sp. FXe9	0.1565	0	1.0188	1.09	0	0.6586	0.6557	0.8241	0	0	0	0.2752	0	0	0	0.2394	0	0	0	0.1861	0	0	0	0	0.6416	0.4283	0	0.1766	0	0.2637	0	0.6913	0	0.7565	0.4314	2.0797	0.3951	0.1994	0.1196	0.1976	0.7691	0.4474
Burkholderia vietnamiensis	0.7824	0.1183	12.3383	1.4534	3.5326	3.6692	3.934	7.4168	1.919	0.6639	1.7811	1.789	1.6317	0.4293	1.0093	0.4787	0.2787	0	0	0	1.9115	0	0.301	2.3238	2.5665	6.5953	0	1.0595	0	3.7791	3.2022	0	2.3012	7.7159	2.5884	6.239	4.7414	4.2868	0.4785	8.3994	8.0211	5.0707
Caballeronia sp. SL2Y3	0	0	0	0	0	0	0	0	0	0	0	0	0	0	0	0	0	0	0	0	0	0	0	0	0	0	0	0	0	0	0	0	0	0	0	0	0	0	0	5.3361	0	0
Caenibius sp. WL	0	0	0	0	0	0	0	0	0	0	0	0	0	0	0.4037	0	0	0	0	0	0	0	0	0	0	0	0	0	0	0	0	0	0	0.1513	0	0	0	0	0	0	0	0
Caldibacillus thermoamylovorans	11.7364	1.0647	0	0	0	0	0	0	0	0	0	0	0	0	0	0	0	0	0	0	0	5.379	0	0	0	0	0	0.1766	0	0	0	0	0	0	0	0	0	0	0	0	0	0
Caldichromatium japonicum	0	1.0647	0	0.3633	0	0	0	0	0	0	0	0.4129	0	0	0	0	0	0	0	0.1861	0	0	0	0	0	0	0	0	0	0	0	0	0	0	0	0	0	0	0	0	0	0.1491
Caldilinea aerophila	0	0	0	0	0	0	0	0	0	0	0	0	0	0	0	0	0	0	0	0	0	0	0	0	0	0	0	0	0	0	0	0	0	0	0	0	0	0	0	0	0	24.1604
Calothrix sp. PCC 7716	0	0	0	0	0	0	0	0	0	0	0	0	0	0	0	0	0	0	0	0.7443	0	0	0	0	0	0	0	0	0	0	0	0	0	0	0	0	0	0	0	0	0	0
Campylobacter concisus	144.749	0	0	0	0	0	0	0	0	0	0	0	0	0	0	0	0	0	0	0	0	0	0	0	0.0802	0	0	0	0	0	0	0	0	0	0	0	0	0	0	0	0	0
Campylobacter corcagiensis	0	0	0	0	0	0	0	0	0	0	0	0	0	0	0	0	0	0	0	0	0	0	0.301	0	0	0	0	0	0	0	0	0	0	0	0	0	0	0	1.0766	0	0	2.9828
Campylobacter ureolyticus	2.3473	0	0.1132	0	0	0	0	0	0	0	0	0	0	0	0	0	0	0	0	0	0	0	0.602	0	0	0	0	0	0	0	0	0	0	0	0	0	0	0	0.5981	0	0	1.044
Candidatus Blochmannia vafer	0	0	0	0	0.1766	0	0	0	0	0	0	0	0	0.1431	0	0	0	0	0	0	0	0	0	0	0	0.7709	0	0	0	0.0879	0	0	0	0	0	0.208	0	0	0.1196	0	0	0
Candidatus Glomeribacter gigasporarum	0.1565	0	0	0	0	0	0	0	0	0	0	0	2.0396	0	0	0	0	0	0	0	0	0	0	0	0	0	0	0	0	0	0	0	0	0	0	0	0.3951	0	0	0	0	0
Candidatus Malacoplasma girerdii	0	0	0	0	0	0	0	0	0	0	0	0	0	0	0	0	0	0	0	0	0	0	0	0	0	0	0	0	0	0	0	0	0	0	0	0	0	0	0	0	0	8.65
Candidatus Nitrospira kreftii	0	0	0	0	0	0	0	0	0	0	0	0	0	0	0	0	0	0	0	0	0	0	0	0	0	0	0	0	0	0	0	0	0	0	9.9223	0	6.3219	0	0	0	0	0
Candidatus Portiera aleyrodidarum	0	0.3549	0	0	0	0	0	0	0	0	0	0	0	0	0	0	0	0	0	0	0	0	0	0.2905	0	0	0	0.3532	0	0	0	0	1.841	0	0	0	0	0	0	0	0	0
Candidatus Protofrankia datiscae	0	0	0	0	0	0	0	0	0	1.9918	0	0	0	0	0	0	0	0	0	0	0	0	0	0	0	0	0	0	0	0	0	0	0	0	0	0	0	0	0	0	0	0
Candidatus Stammera capleta	1.5649	0	0	0	0	0	0.2186	0	0	0	0	0	0	0	0	0	0	0	0	0	0.1274	0	0	0	0	0	0	0	0	0	0	0	0	0	0	0	0	0	0.5981	0	0.1099	0
Candidatus Symbiobacter mobilis	0	0	0	0	0	0	0	0	0	0	0	0	0	0	14.735	0	0	0	0	0	0	0	0	0	0	0	0	0	0	0	0	0	0	0	0	0	0	0	0	0	0	0
Candidatus Thiothrix singaporensis	0	0	0	0	0	0	0	0	0	0	0	0	0	0	0	0	0	0	0	0	0	0	0	0	0	0	0	27.3702	0	0	0	0	0	0	0	0	0	0	0	0	0	0
Caproicibacterium amylolyticum	0	0	0	0	0	0	0	0	0	0	0	0	0	0	0	0	0	0	0	0	1.4018	0	0	0	0	0	0	0	0	0	0	0	0	0	0	0	0	0	0	0	0	0
Caproiciproducens galactitolivorans	0	0	0	0	0	0	0	0	0	0	0	0	0	0	0	0	0	0	0	0	0	0	0	0	0	0	0	0	0	0	4.0028	0	0	0	0	0	0	0	0	0	0	0
Carnobacterium inhibens	0	0.3549	0	0	0	0	0	0	0	0	0	0	0	8.5866	0	0	0	0	0	0	0	0	0	0	0	0	0	0	0	0	0	0	0	0	0	0	0	0	0	0	0	0
Carnobacterium sp. 17-4	31.1407	0.4732	0	0	0	0	0	0	0	0	0	0	0	0.1431	0	0	0	0	0	0	0	0	0	0	0	0	0	0	0	0	0	0	0	0	0	0	0	0	0	0	0	0
Castellaniella defragrans	0	0.1183	0	0	24.3748	0	0	0	0	0	0	0	0	0	0	0	0	0	0	0	0	0	0	0	0	0	0	0	0	0	0	0	1.1506	1.0591	0	0	0	0	0	0	0	0
Caulobacter mirabilis	0	0	0	0	35.1492	0	0	0	0	0	0	0	0	0	0	0	0	0	0	0	0	0	0	0	0	0	0	0	0	0	0	0	0	0	0	0	0	0	0	0	0	0
Caulobacter phage Ccr29	17.8394	0	4.641	0	0	0	9.398	0	0	0	2.0779	0	0	0.2862	0	0	0	0	0	0	0.1274	0	0	0	0	0	0	0	0	4.9216	0.8006	0	1.841	0	0	2.4956	0	0	3.3493	7.3124	1.3185	0.2983
Cedecea neteri	247.248	0	0	0	0	0	0	0	0	0	0	0	0	0	0	0	0	0	0	0	0	0	0	0	0	0	0	0	0	0	0	0	0	0	0	0	0	0	0	0.1976	0	0
Celeribacter indicus	0	0	0	0	0	0	0	0	0	0	0	0	0	0	0	0	0	0	0	0	0	0	0	0	0	0	0	0.1766	0	0	0	0	0	14.8266	0	0	0.3951	0	0	0	0	0
Cellulomonas chengniuliangii	0	0	0	0	0	0	0	0	0	0	0	0	0	0	0	0.1197	0	0	0	0	0	0	0	0	0	0	0	0	0	0	0	0	0	0	0	0	0	0	0	0	0	0
Cellulomonas taurus	0	0.1183	7.3577	0	0	0	0	0.4945	0	0	0	0	0	0	0	0	0	0	0	0	0	0	0	0	0	0	0	0	0	0	0	0	0	0	0	0	0	0	0	0	0	0
Cereibacter sphaeroides	32.862	0	0	21.0737	0	0	0.2186	0.3296	0	0	0	0	0	1.4311	0	0	0	0	0	0	0	0	0	0	0	0	0	3.1785	0	0	0	0	0	0	0	0	0.3951	0	0	0	0	0.2983
Chenggangzhangella methanolivorans	0	0	0	2.5434	0	0	0	0	0	0	9.4992	0	0	0	0	0	0.0929	0	0	0	0	0	0	0	0	0	0	0	0	0	0	0	0	66.8712	0	0	0	0	0	0	0	0
Chikungunya virus	0	0	0	1.09	1.413	0.5645	1.0928	0.3296	0.6397	0	0	0.2752	0	0	0.2019	0	0	0	0	0	0	0	0	0	0.2406	0.257	0	0	0	0.6152	0	0	0.9205	1.5129	0	0.6239	0	0	0	0.1976	1.4284	0.4474
Chitinophaga pendula	0	0	0	0	0	0	0	0	0	0	0	0	0	0	0	1.7951	0	0	0	0	0	0	0	0	0	0	0	0	0	0	0	0	0	0	0	0	0	0	0	0	0	0
Chitinophaga pinensis	0	0	0	0	0	0	0	0	0	0	0	0	0	0	0	1.4361	0	0	0	0	0	0	0	0	0	0	0	0	0	0	0	0	0	0	0	0	0	0	0	0	0	0
Chitinophaga sp. MD30	0	0	0	0	0	0	0	0	0	0	0	0	0	0	0	0.2394	0	0	0	0	0	0	0	0	0	0	0	0	0	0	0	0	0	0	0	0	0	0	0	0	0	0
Chitinophaga sp. XS-30	0	0	0	0	0	0.0941	0	0	0	0	0	0	0	0	0	0.2394	0	0	0	0	0	0	0	0	0	0	0	0	0	0	0	0	0	0	0	0	0	0	0	0	0	0
Chivirus iEPS5	0	0	0	0	0	0	0.4371	0.3296	0	0	6.8275	0	0	0	0	0	0	0	0	0	0	0.4482	0	0	0	9.4219	0	0	0	0	1.0674	0	0	19.668	0	6.655	0	11.5645	0	8.8934	2.747	0.1491
Chroococcidiopsis sp. CCMEE 29	0	0	0	0	0	0	0	0	0	0	0	0	0	0	0	0	0	0	0	0	0	0	0	0	0	0	0	0	0	0	0	2.0738	0	0	0	0	0	0	0	0	0	0
Chryseobacterium balustinum	0	0	0	0.7267	0	0	0	0	0	0	0.2968	0	0	8.0142	0	0	0	0	0	0	0	0	0	0	0	0	0	0	0	0	0	0	0	0	0	0.208	0.3951	0	0	0	0	0
Chryseobacterium gallinarum	0	0	0	0.3633	0	0	0	0	0	0	0	0	0	0	0	0	0	0	0	0	0	0	0	0	0	0	0	0	0	0	0	0	0	0	0	0	0	0	0	4.6444	0.4395	0
Chryseobacterium gambrini	0	0	0	2.18	0	21.9213	0	0	0	0	0	0	0	0	0	0	0	0	0	0	0	0	0	0	0	0	0	0	0	0	0	0	0	0	0	0	0	0	0	0.0988	0	0
Chryseobacterium indologenes	0.7824	0	0	1.8167	0	0	0	0	0	0	0	0	0.4079	0.8587	0	0	0	0	0	0	0	0	0	0	0	0	0	0	0	0	0	1.3825	0	0	0	0.208	0	0	0	6.8183	0.2198	0.2983
Chryseobacterium indoltheticum	0.313	0	0	13.0802	0	0	0	0	0	0	0	0	0	0	0	0	0	0	0	0	0	0	0	0	0	0	0	0	0	0	0	0	0	0	0	0.208	0	0	0	0.1976	0	0
Chryseobacterium oryzae	9.8586	0	0	0	0	0	0	0	0	0	0	0	0	0	0	0	0	0	0	0	0	0	0	0	0	0	0	0	0	0	0	0	0	0	0	1.2478	0	0	0	0.2964	0	0
Chryseobacterium salivictor	1.2519	0	0	0.3633	0	0.5645	0	0	0	0	0	0	0	0	0	0	0	0	0	0	0	0	0	0.5809	0	0	0	0	0	0	0	0	0	0	0	0	0	0	0	0	0	0
Chryseobacterium sp. 6424	0.4695	0	0	0	0	24.4616	0	0	0	0	0	0	0	0	0	0	0	0	0	0	0	0	0	0	0	0	0	0	0	0	0	0	0	0	0	0	0	0	0	0	0	0
Chryseobacterium sp. C-71	0	0	0	9.0835	0	0	0	0	0	0	0	0	0	0	0	0	0	0	0	0	0	0	0	0	0	0	0	0	0	0	0	0	0	0	0	0	0	0	0	0	0	0.1491
Chryseobacterium sp. IHB B 17019	0	0	0	0	0	0	0	0	0	0	0	0	0	0	0	0	0	0	0	0	0	0	0	0	0	0	0	0	0	0	0	0	0	0	29.7669	0	0	0	0	0.1976	0	0
Chryseobacterium sp. PET-29	0	0	0	0	0	0	0	0	0	0	0	0	0	0	0	0	0	0	0	0	0.7646	0	0	0	0	0	0	0	0	0	0	0	0	0	0	0	0	0	0	0	0	0
Chryseolinea soli	0	0	0	0	0	0	0	0	0	0	0	0.6881	0	0	0	0	0	0	0	0	0	0	0	0	0	0	0	0	0	0	0	0	0	0	0	0	0	0	0	0	0	0
Citrobacter amalonaticus	1.4084	1.4196	0	0	0	0	0.1093	0	0	0	0	0	0	0	0	0	0	0	0	6.8847	0	0	0	0	0	0	0.6899	0	0	0	0	0	0	0	0	0	0	0	0	0.1976	0	0.2983
Citrobacter braakii	31.7666	0.3549	0	0	0.3533	0	0	0	0	0	0	0	0	0	0	0	0	0	0	0.1861	1.5292	0	0	0	0	0	0	0	0	0	0	0	0	0	0	0	0	0	0	0	0	0
Citrobacter freundii	57.7433	0.9464	0.6792	1.09	5.2989	0.0941	0.1093	0.1648	0	0	0	0	0	0	0	0	0	0	0	1.3025	0.1274	0	0	0	0	0.4283	0.6899	0	0	0.1758	0.5337	0	0.6904	0.1513	0	0.208	0	0.1994	0	0	0.1099	0
Citrobacter koseri	8.9197	0	0	0	0.3533	0	0	0	0	0	0	0	0	0	0	0	0	0	0	79.6394	0	0	0	0	0	0.0857	0	0	0	0	0	0	0	0	0	0	0	0	0	0	0	0
Citrobacter sp. H12-3-2	0	0	0	0	5.4755	0	0	0	0	0	0	0	0	0	0	0	0	0	0	0	0	0	0	0	0	0	0	0	0	0	0	0	0	0	0	0	0	0	0	0	0	0
Citrus leaf blotch virus	0	0.2366	0	0	0	0	0	0	0	0	0	0	0	0	0	0	0	0	0	0	0	0	0	2.9047	0	0.0857	0	0	0	0	0	0	0	0	0	0	0	0	0	0.1976	0	0
Clavibacter capsici	0	0	0	0	0	0	0	0	0	0	0	0	0	0	0	0	0	0	0	0	0	0	0	0	0	3.5975	0	0.3532	0	0	0	0	0	0	0	0	0	0	0	0.0988	0	0.4474
Clavibacter michiganensis	2.8168	0	0.4528	2.5434	0	0.1882	0	0.1648	0	0	0	1.9266	0	0.2862	0	0	0	0	0	0	0	0	0	0	0.2406	1.1992	0	0.1766	0	0.0879	0	0	1.1506	0	0	0	0.7902	0	0	0.8893	1.4284	1.3423
Cloacibacterium caeni	0	0.1183	0	0	0	0.4704	0	0	0	0	0	0	0	0	0.2019	0	0	0	0	0	10.5772	0	0	0	0	0.257	0	3.0019	0	0	0	0	128.636	0.3026	10.7851	0	2.3707	0.2991	0	0.5929	0.2198	0.1491
Cloacibacterium normanense	0.1565	0	0	0	0	0.2822	0	0	0	0	0	0	0	0	0	0	0	0	0	0	0.1274	0	0	0	0	0	0	17.305	0	0	0	0	0	0	0	0	0	3.7884	0	0.0988	0.1099	0
Clostridioides difficile	0	4.3771	0	0	0.1766	0	0.1093	0	0	0	0	0	0	0	0	0	0	0	0	0	0	0	0.602	0	0.401	0	0	0	0	0	3.4691	0	0	0	0	0	0	0	0	0	0	0
Clostridium botulinum	0	0.1183	8.2633	0	0	0	0	0	0	0	0	0	0	0	0	0	0	0	0	0	0	0	0	0	0	0	0	0	0	0	0	3.4563	0	0	0	0	0	0	0	0	35.161	0
Clostridium bovifaecis	0	0	29.6573	0	4.4157	0	0	0	0	0	0	0	0	0	0	0	0	0	0	0	0	0	0	0	0	0	0	0	0	0	0	0	0	0	0	0	0	0	0	0	72.9591	0
Clostridium butyricum	0	0.1183	0	0	0	0	0	0	0	0	0	0	0	0	0	0	0	0	0	0	0	1.1206	0	0	0	0	0	0	0	0	0	0	0	0	0	0	0	0	0	0	0	0
Clostridium estertheticum	0	0	0.566	0	0	0	0	0	0	0	0	0	0	0	0	0	0	0	0	0	0	0	0	0	0	0	0	0	0	0	0	3.4563	0	0	0	0	0	0	0	0	0	0
Clostridium novyi	0	0	0.2264	0	0.1766	0	0	0	0	0	0	0	0	0	0	0	0	0	0	0	0	0	0	0	0	0	0	0	0	0	0	0	0	0	0	0	0	0	0	0	9.889	0
Clostridium sp. enrichment culture clone 7-25	0	0	0	0	0	0	0	0	0	0	0	0	0	0	0	0	0	0	0	0	0	0	0	0	0	0	0	0	0	0	0	4.8388	0	0	0	0	0	0	0	0	0	0
Clostridium sp. MD294	0	0	0	0	0	0	0	0	0	0	0	0	0	0	0	0	0	0	0	0	0	0	0	0	0	0	0	0	0	0	1.0674	0	0	0	0	0	0	0	0	0	0	0
Collinsella aerofaciens	0	0	0	0	0	0	0	0	0	0	0	0	0	0	0	0	0	0	0	0	0	0	0	0	0	0	0	0	0	0	0	0	0	0	0	0	0	0	0	0.0988	0	20.1337
Comamonas antarctica	23.7859	0	0	0.3633	0	0.0941	0.2186	0	0.6397	0	0	0	2.0396	0	0	2.7525	0	0	0	0	0	0	0	0.8714	0.0802	0	0	0	0	0.2637	0.2669	0.6913	0.2301	0	0	0.6239	1.9756	0.5982	0	0	0	0.1491
Comamonas aquatica	34.2704	1.3013	0	1.4534	0.8831	0.0941	0.6557	3.2964	15.3519	0	0	0	0.4079	0.2862	0	0.2394	0	0	0	0	0.3823	0.6724	0	0.2905	0.2406	0	0.6899	0.1766	2.2924	3.7791	0.2669	0	14.7276	1.0591	3.0198	3.5355	10.273	0.6979	0	0.6917	0.4395	1.3423
Comamonas flocculans	0	0	0	0	0	0	0	0	0	0	0	0	0	0	0	0	0	0	0	0	0	1.1206	0	0	0	0	0	0	0	0	0	0	0	0	0	0	1.5805	0	0	0	0.5494	0
Comamonas fluminis	2.8168	0	0	0	0	0	0	0	0	0	0	0	0	0	0.2019	0	0	0	0	0	0	0	0	0	0	0	0	0	0	0.0879	0	0	0.2301	0	0	0	0	0	0	0	0	0
Comamonas kerstersii	8.4502	0	0	0	0	0	0.2186	0	0	0	0	0	0	0	0	0	0	0	0	0	0	0.2241	0	0	0.1604	0	0.6899	1.0595	0	0.0879	0.2669	0	0	0	0	1.0398	0.7902	1.296	0	0	0.1099	0.2983
Comamonas odontotermitis	0.4695	0	0	0	0	0	0	0	1.2793	0	0	0.1376	0	0.1431	0	0	0	0	0	0	0	0	0	0	0	0	0	0	0	0.2637	0	0	0.4602	0	0	0	0	0	0.1196	0	0	0
Comamonas piscis	0	0.2366	0	0	0	0	0	0	0	0	0	0	0	0	0	2.9919	0	0	0	0	0.3823	0	0	0	0	0	0	0	0	0	0	0	0.9205	0.1513	0	0	0.3951	0.0997	0	0	0	0
Comamonas resistens	1.7213	0	0	0	0	0	0.2186	0	0	0	0	0	0	0.1431	0	0	0	0	0	0	0	0	0	0	0	0.0857	0	0	0	0	0	8.2951	0.2301	0	0	0	0.3951	0	0	0	0	0.2983
Comamonas sp. 7D-2evo1	1.4084	0	0	0	0	0	2.732	0	7.0363	0	0	0	0.4079	0	0	0	0	0	0	0	0	0	0	0	0	0	0	0	0	0	0	0	0.2301	0.3026	0.4314	0.4159	0.7902	0	0	0	0	0.1491
Comamonas sp. 7D-2evo2	2.3473	0	0	0	0	0	33.3301	0	0	0	0	0	0	0	0	0	0	0	0	0	0	0.2241	0	0	0	0	0	0	0	0	0	0	0.9205	0	0.4314	0	0.3951	0	0	0	0	0
Comamonas sp. B21-038	0.4695	0	0	0	0	0	0	0.1648	0	0	0.2968	0	0	0.2862	0	0	0	0	0	0	0	0	0	0	0	0	0	0	0	0	0	0	1.841	0	0	0	0.3951	0	0	0	0	0
Comamonas sp. C11	1.4084	0	0	0	0	0	0	0	0	0	0.2968	0	0.4079	0	0	0	0	0	0	0	0	0	0	0	0	0	0	0	0	0	0	0	1.6108	0	0	0	3.5561	0	0	0	0	0
Comamonas sp. PR12	2.9732	0	0	0	0	0	0	0	0.6397	0	0	0	0	0.2862	0	1.7951	0	0	0	0	0	0.2241	0	0	0.1604	0	0	0	0	0.0879	0	0	0.4602	0	0	0	0.3951	0	0	0	0	0
Comamonas sp. Y33R10-2	1.2519	0	0.1132	0	0	0	3.0598	0	0	0	0	0	0	0	0	0.359	0	0	0	0	0	0	0	0	0	0	0	0	0	0	0	0	1.1506	0	5.6083	0	0	0	0	0.0988	0.2198	0
Comamonas terrigena	16.431	0	0.2264	10.1735	5.1222	0	0.1093	0	1.919	0	4.4527	0	0.8158	0	0	0	0	0	0	0	0.1274	0.2241	0	0	0	0	0	0	0	0	0.2669	0	0	0	0.4314	0	0	0.1994	0	0	0	0
Comamonas testosteroni	106.254	0.2366	0.2264	0.7267	0.8831	0.0941	1.0928	0.1648	6.3966	0	0	0.1376	3.2633	0	0.4037	0.1197	0.3716	0	0	0	1.0195	0.8965	0	0.5809	0	0	0	0.1766	20.6313	0.6152	0.2669	0.6913	131.628	1.8155	7.7653	3.3275	56.5016	1.8942	0	5.7313	0.5494	0.8948
Comamonas thiooxydans	53.2052	0.2366	0.1132	0.3633	0	0.7527	3.0598	0.3296	9.595	0	0	0.2752	4.8949	0.4293	0	0.359	0	0	0	0	0.1274	0.8965	0	0.5809	0.0802	0.257	0.6899	0.1766	0	0.1758	0.2669	1.3825	35.8984	0.4539	5.6083	1.0398	27.263	0.1994	0.1196	4.7432	0.5494	0.4474
Conchiformibius steedae	0	0	0	0	0	0	0	0	0	0.6639	0	0	0	0	0	0	0	0	0	0	0	0	0	0	0	3.2548	0	0	0	0	0	0.6913	0	0	0	0	0	0	0	0.0988	0	0
Coprococcus sp. ART55/1	0	0	0	0	0	1.5994	0	0	0	0	0	0	0	0	0	0	0	0	0	0	0	0	0	0	0	0	0	0	0	0	20.5477	0	0	0	0	0	0	0	0	0	0	0
Corynebacterium accolens	0	0.7098	0.7924	0.3633	0.7065	0.5645	0.3278	0	1.2793	0.6639	0.8905	0	0	0.1431	0	0	0	0	0	0	0.1274	1.1206	0	0	5.8548	0.1713	0	11.1246	0	0.0879	0	0	0	27.2326	0.8628	0.6239	0	0	2.3924	0.0988	9.5594	13.5716
Corynebacterium afermentans	0.6259	7.6895	17.9981	0	0	0.1882	0	0.1648	0	0	2.9685	0.1376	0	0	0	0	0	0	0	0	0	1.3448	1.2039	0	1.4436	0.4283	0	0	0	0.0879	0	0	0	0	19.8446	0	0	0.0997	0	0.4941	0	2.3862
Corynebacterium amycolatum	1.4084	0	0.3396	0.3633	0	0	12.5671	0.8241	0	0	0.2968	0	0	0	0	0	0	0	0	0	0	0	0	0	2.0853	0.1713	0	0	0	0.1758	0	2.0738	0	0	0	0	0	0	0	0	0	0
Corynebacterium appendicis	0	0	0.3396	0	0	0.2822	0	0	0	0	0	0	0	0	0	0	0	0	0	0.1861	0	0	0	0	0	0	0	0	0	0	0	0	0	0	0	0	0	0	0	0	0	0
Corynebacterium aurimucosum	0	12.1849	0.1132	0	0	0.2822	0.3278	0	5.1173	0	0	0.2752	0	0	0.2019	0	0.0929	0	0	0	0	37.2046	0.9029	0.8714	0.0802	0.1713	0	0.3532	0	0	5.8708	0	0	31.9227	2.157	0	0	0	1.7943	0	30.3264	1.044
Corynebacterium auris	0	0.1183	7.8105	0	0	0	0	0	0	0	0	0	0	0	0	0	0	0	0	0	0	0	0	0	0	0	0	0	0	0	0	0	0	0	0	0	0	0	0	0.0988	0	0
Corynebacterium coyleae	0	0	0	0	0	0.0941	0	0	0	0	0.2968	0	0	0	0	0	0	0	0	0	0	0	0	0	0.4812	0	0	0	0	0	0	0	0	0	0	0	0	0	0	0.0988	0.1099	0.4474
Corynebacterium crudilactis	0.7824	0	0	0	0	0	0	0	0	0	0	0	0	0	0	0	0	0	0	0	0	0	0	0	0	0	0	0	0	0	0	0	0	0	0	0	18.1754	0	0	0	0	0
Corynebacterium diphtheriae	0.7824	0.3549	2.0375	0.7267	0	0.9408	16.3918	0	0.6397	0	0.2968	0	0	0	0.6056	0	0	0	0	0	0	6.9479	0.602	0	1.3634	0.1713	0	1.5892	0	0	0	0	0.2301	0	0	0	0	0.0997	0	1.1858	38.787	2.2371
Corynebacterium falsenii	3.4427	0	0	0	0	0.0941	0.3278	0	0	0	0	0.1376	0	0	0	0	0	0	0	0	0	0	0	0	0	0	0	0	0	0	0	0	0	0	0	0	2.7658	0	0	8.6958	0	0
Corynebacterium fournieri	0.313	1.4196	0.566	0	0	0	0	0	0	0	0.2968	0	0	0	0	0	0	0	0	0	0	0	0	0	0.5614	0	0	0	0	0	0	0	0	0	0	0	0	0	0	0	0	0.4474
Corynebacterium freneyi	0.6259	0	0	0	0	0.1882	0.5464	0	0	0	0	0	0	0	0	0	0.0929	0	0	0	0	0	0	0	0	0.0857	0	0	0	0	0	1.3825	0	0	0	0	0	0	0	0	0	0
Corynebacterium glucuronolyticum	0	0	0	0	0	0.0941	0	0	0	0	0	0	0	0	1.2111	0	0	0	0	0	0	0	0	0	0	0	0	0	4.5847	0	0	0	0	0	0	0	0	0	0	0.1976	18.1299	0
Corynebacterium glutamicum	0.4695	0.1183	0.566	0	0	0.5645	0	0	0	0	0	0	0	0	0	0	0	0	0	0	0	0	0	0	0.7218	0.0857	0	0	0	0	0	0	0	0	0	0.208	0	0	0	0.1976	0.1099	1.4914
Corynebacterium gottingense	0	0	0	0	0	0.1882	0	0	0	0	0	0	0	0	0	0	0	0	0	0	0	0	0	0	0.802	0	0	0	0	0	0	0	0	0	0	0	0	0	0	0.0988	0.1099	1.6405
Corynebacterium hadale	0.1565	0	0	0	0	0	0	0	0	0	0.2968	0	0	0	0	0	0	0	0	0	0	0	0	0	0.4812	0	0	0	0	0.0879	0	0	0	0	0	0	0	0	0	0	0	2.8336
Corynebacterium ihumii	0	0	2.6035	0	0	0	0	0.1648	0.6397	0	1.1874	0	0	0	0	0	0	0	0	0	0	0	0.602	0	0.0802	0.0857	0	0	0	0	0	0	0	0	2.5884	0	0	0.1994	0	0.1976	0	0
Corynebacterium imitans	0.1565	0	0	0	0	0	0	0	0	0	0	0	0	0	0	0	0	0	0	0	0	0	2.1069	0	0.5614	0	0	0	0	0	0	0	0	0	0	0	0	0	0	0	0.1099	66.814
Corynebacterium jeddahense	0	4.2588	0	0	0	0	0	0	0.6397	0	0	0	0	0	0	0	0	0	0	0	0	0	0	0	0.0802	0	0	0	0	0	0	0	0.2301	0	0	0	0	0	0	7.7076	0	0
Corynebacterium jeikeium	6.5724	0	0	0	1.0598	0	22.2929	154.105	0	0	0	0	0	0	0	0	0	0	0	0	0	0	0	0	1.4436	0	0	0	0	0	0	0	0	0	0	0	0	0	0	13.439	0	0.1491
Corynebacterium kefirresidentii	0.1565	0	1.4716	1.09	0	16.8409	0.2186	0.3296	15.3519	0	4.1559	0	0	17.0301	5.0463	0	0	0	0	0	0	0	0	0	0	0.0857	0	0.1766	0	0.0879	0	0	0	0	106.988	0	0	0	0	1.4822	0	0
Corynebacterium macginleyi	15.4921	31.7043	0.2264	1.8167	0.3533	104.432	60.1034	36.5896	33.9022	1.9918	40.0746	2.6147	0	12.1643	6.4592	0	0	0	0	1.1164	0.2549	42.3595	0	11.038	0.3208	0	0	92.1756	0	0	1.3343	8.2951	31.066	0.7565	30.1983	0	0	0	19.1388	0.2964	599.055	58.4623
Corynebacterium massiliense	0	0	0	0.3633	0	0	0.1093	0	0	0	0	0	0	0	0	0	0	0	0	0	0	0	1.2039	0	0	0.0857	0	0	0	0	0	0	0	0	0	0.208	0	0	0	0	0.2198	0
Corynebacterium minutissimum	0	0	0	0	0	0	0.3278	0	0	0	0	0	0	0	0	0	0	0	0	0	0	0	0	0	0.0802	0	0	0	0	0	94.1992	0	0	0	0	0	0	0	0	0	9.889	0.1491
Corynebacterium nuruki	0	0	0	2.18	0	0	0.765	0	1.919	0	0	0	0	0	0	0	0	0	0	0	0	0	0	0	0	0	0	0	0	0	0	0	0	0	0	0.4159	0	0	0	0	0	0
Corynebacterium phocae	0	0	0	0	0	0	0	0	14.0726	0	0	0	0	0	0	0	0	0	0	0	0	0	0	0	0	0	0	0	0	0	0	0	0	0	0	0	0	0	0	0	0.2198	0
Corynebacterium propinquum	0	0.3549	0.1132	0	1.9429	0.2822	0.4371	0	0	0	0.8905	0	0	0.1431	0	0	0	0	0	0	0	0.2241	0	0	0	0	0	0	0	0	0	0	0	0	0	0.208	0	0.0997	0	0.0988	5.4939	0
Corynebacterium pseudodiphtheriticum	0	0	0	0	0	0	0	0	0	0	0	0	0	0.1431	0	0	0	0	0	0	0	0	0	0	0	0	0	0	0	0	0	0	0	0	0	0	0	0	0	0.0988	4.6149	0
Corynebacterium pseudogenitalium	0	0	0	0	0	0	0	0	0	0	0	0	0	0	0	0	0	0	0	0	0	0	6.3206	0	0	0	0	0	0	0	0	0	2.3012	0	0	0	0	0	0	0	0.1099	11.9311
Corynebacterium pseudotuberculosis	0.4695	0.1183	1.9243	1.09	0	0.3763	0.6557	0	0	0	0.2968	0	0	0.1431	0	0	0	0	0	0	1.7841	0.2241	0	0	0.2406	0	0	0	0	0	0	0	0.2301	0.3026	0	0.4159	0	0	0	0.0988	4.3951	0.8948
Corynebacterium riegelii	0	0	0.1132	0	0	0	0	0	0	0	0	0	0	0	0.2019	0	0	0	0	0	0	0.2241	0	0	0	0	0	0	0	0	0	0	0	0	0	0	0	0	0	72.8273	0.1099	0
Corynebacterium sanguinis	0	0	0	1.8167	0	0	0	0	0	0	0	0	0	0	0	0	0	0	0	0	0.1274	0	0.301	0	0	0.1713	0	0	0	0	0	0	0	0	0	0	0	0	0.1196	0.0988	0.1099	0.1491
Corynebacterium segmentosum	8.2938	0	0	0	0	529.875	0	0	0	0	0.2968	0	0	0	0	0	0	0	0	0	0	0	0	0	0	0	0	0	0	0	0	0	0	35.4024	0	0	0	0	0	0	0	0
Corynebacterium simulans	0	0	0.1132	0	0	0	0.1093	0	0	0	0	0	0	0	0	0	0	0	0	0	0	0	0	0	0	0	0	0	0	0	0.8006	0	0	0	0	0	0	0	0	0.0988	0.1099	0
Corynebacterium sp. FDAARGOS 1242	0	0	0	0	0	0	0	0	0	0	0	0	0	0	0	0	0	0	0	0	0	0	0	0	0	0	0	0	0	0	17.6123	0	0	0	0	0	0	0	0	0	0.1099	0
Corynebacterium sp. NML98-0116	0	0	0	0	0	0	0	0	0	0	0	0	0	0	0	0	0	0	0	0	0	0	11.4373	0	0.0802	0	0	0	0	0	0	0	1.3807	0	0	0	0	0	0	0	0	9.9923
Corynebacterium sp. SCR221107	0	0.1183	0.2264	0	0.1766	36.2219	0	0.8241	0	0	3.5622	0	0	0.5724	0	0	0	0	0	0	84.4898	6.9479	0	0	0	0	0	1.9424	9.1695	0	0	0	17.2589	0	17.6876	0	3.5561	0	5.622	0	0.1099	0
Corynebacterium stationis	0.313	0	0	0	0	0	0	0	0	0	0	0	0	0	0	0	0	0	0	0	0	0	1.2039	0	0	0	0	0	0	0	0	0	0	0	0	0	0	0	0	0	0.1099	0.1491
Corynebacterium striatum	0.6259	0.9464	1.2452	0	0.1766	0.3763	3.934	0	3.1983	0	0	0.2752	0	0.1431	1.2111	0	0	0	0	0.3721	0.2549	2.6895	0.602	0	0.5614	0	0	2.119	0	0	0	0	0	0	3.8826	0	0	0.0997	0.2392	0.1976	1.9778	11.4837
Corynebacterium tuberculostearicum	2.0343	44.1257	14.0363	3.6334	0.7065	44.6894	3.8248	0.6593	7.676	0	23.7479	3.5781	1.2237	4.0071	14.3313	2.1542	0	0	0	0.5582	0.5097	64.996	0.602	0	16.8425	12.0772	0	1.7658	11.4618	0.0879	0	0.6913	0.4602	0	41.4148	40.1378	5.5316	2.1933	8.3732	302.377	515.768	25.3535
Corynebacterium ureicelerivorans	0	0	0	0	0	3.2929	0	0	0	0	0	0	0	0	0	0	0	0	0	0	0	0	0	0	0	0	0	0	0	0	0	0	0.2301	0	0	0	0	0	0	101.484	0	0
Corynebacterium variabile	0	0	0	0	0	0	29.6146	0	0	0	0	0	0	0	0	0	0	0	0	0	0	0	0	0	0	0	0	0	0	0	0	0	0	0	0	0.208	0	0	0	0	0	0.2983
Corynebacterium vitaeruminis	0	0	0	0.3633	0	0.0941	0	0	0	0	0	0	0	0	0	0	0	0	0	0	0.3823	0	0	0	0	0	0	2.6487	0	0	0	0	0	0	0	0	0	0	0.1196	0	0	0
Corynebacterium zhongnanshanii	0.1565	0	0	0	0	0	2.1856	0	0	0	0	0	0	0	0	0	0	0	0	0	0	0	0	0	0	0	0	0	0	0	0	0	0	0	0	0	0	0	0	0	0	0
Crassaminicella indica	0	0	0	0	0	0	0	0	0	0	0	0	0	0	0	0	0	0	0	0	0	0	0.9029	0	0	0	0	0	0	0	0	0	0	0	0	0	0	0	0	0	0	0
Cronobacter sakazakii	0.6259	1.4196	0.1132	0	0	0	0	0	0	0	0	0	0	0	0	0	0	0	0	0.3721	0.1274	0	0	0	0	0	0	0	0	0.0879	0	0	0	0	0	0.4159	0	0	0	0	0	0
Cupriavidus cauae	0	0	1.4716	0	0.3533	0.0941	0	0.6593	0	0	1.1874	0	0.4079	0	0.2019	0	0	0	0	0	0.2549	0	0	0.5809	0.1604	0.0857	0	0	0	0.1758	0	0	0	0.3026	0	1.2478	0	0	0.1196	0.2964	1.2087	0.2983
Cupriavidus gilardii	0	0.1183	0.7924	0	0.3533	0.2822	0.3278	0.3296	0	21.91	0.2968	0.1376	0	0	0	0	0	0	0	0	0.5097	0	0	0	0.3208	0.9422	0	0.1766	0	0.2637	0	0	0.4602	0.1513	0	1.0398	0	0.4985	0	0.6917	1.2087	0.2983
Cupriavidus metallidurans	0.1565	0	1.6979	0	35.3258	0	0.2186	0	0	0	0	0	1.6317	0	0	0	0	0	0	0	0	0	0	0.2905	0	0	0	0	0	0	0.5337	4.8388	0	0.3026	0.8628	0	0	0	0	0.0988	0	0.1491
Cupriavidus taiwanensis	3.4427	0	0.1132	0	0.5299	0	0.2186	0.1648	0	0	0	0	0	0	0.4037	0	0	0	0	0	0	0	0	0	0	0.0857	0	0	0	0	0	0	0	0	0	0	0	0	0	0	0	0
Curtobacterium flaccumfaciens	3.9122	0	0.2264	9.8102	0.3533	0.2822	0.9835	0.3296	0	0	0	54.634	0	0.2862	0	0	0	0	0	0	3.1859	1.793	0	0	0	0	0	0.1766	0	0	0	0	0.6904	0	0	180.308	0.3951	0	0	1.4822	8.7903	16.4052
Curtobacterium sp. 9128	0.1565	0	0	0	0	0	0	0	0	0	0	0	0	0	0	0	0	0	0	0	0.7646	0	0	0	0	0	0	0.3532	0	0	0	0	0	0	0	0	0	0	0	0	0	0
Curtobacterium sp. C1	0.7824	0	0	0.3633	0	0	0.2186	0	0	0	0	0	0	0	0	0	0	0	0	0	0.3823	0	0	0	0	0	0	0	0	0	0	0	0	0	0	0.4159	0	0	0	0	0	0
Curtobacterium sp. L6-1	0	0	0	0	0	0	1.5299	0	0	0	0	0	0	0	0	0	0	0	0	0	0.3823	0	0	0	0	0	0	0	0	0	0	0	0	0	0	0.208	0	0	0	0	0.1099	0.1491
Curtobacterium sp. MCBA15_004	0	0	0	0	0	0	1.6392	0	0	0	0	0	0	0	0	0	0	0	0	0	0	0	0	0	0	0	0	0	0	0	0	0	0	0	0	0	0	0	0	0	0	0
Curtobacterium sp. MCJR17_043	0	0	0	0	0	0	0.8742	0	0	0	0	0	0	0.1431	0	0	0	0	0	0	0.892	0	0	0	0	0	0	0	0	0	0	0	0	0	0	0	0	0	0	0	0	0.1491
Curtobacterium sp. MCLR17_032	0	0	0	0	0	0	0	0	0	0	0	0	0	0	0	0	0	0	0	0	0.7646	0	0	0	0	0	0	0	0	0	0	0	0	0	0	5.6151	0	0.0997	0	0	0	0
Curtobacterium sp. MCPF17_052	0	0	0	0	0	0	1.2021	0	0	0	0	0	0	0	0	0	0	0	0	0	0	0	0	0	0	0	0	0	0	0	0	0	0	0	0	1.2478	0	0	0	0	0	0
Curtobacterium sp. SGAir0471	0.4695	0	0	0	0	0	0	0	0	0	0	0.6881	0	0	0	0	0	0	0	0	0.1274	0	0	0	0	0	0	0	0	0	0	0	0	0	0	70.5011	0	0	0	10.0792	0	0.8948
Curtobacterium sp. YC1	0.1565	0	0	10.9002	0	0	0	0	5.1173	5.3115	0	0	0	0	0	0	0	0	0	0	0	0	0	0	0	0	0	0	4.5847	0	0	0	0	0	0	0	0	0	0	0	0	0
Cutibacterium acnes	53.3617	77.3679	4396.07	31.6105	71.3581	477.565	265.766	303.595	255.865	27.8855	228.87	33.0281	118.702	14.7403	0.8074	14.361	4.9232	0.2781	0.4802	2.7911	128.837	26.4467	9.3305	55.1901	2.5665	22.7839	50.361	243.153	71.0634	59.4989	30.955	103.689	251.059	10.1366	370.145	6.447	71.9112	11.066	19.4977	848.631	218.767	122.89
Cutibacterium avidum	0.9389	0	106.63	0	0	4.516	0	0.3296	0	0	0	0	0	0	0	0	0	0	0	0	0.2549	0.6724	0	0.2905	0	0	0	0	0	3.4276	0	0	0.4602	0	1.2942	0	0	0	0	1.1858	0.3296	0
Cutibacterium granulosum	2.8168	0	100.631	0	0.3533	0.2822	0.3278	0.1648	0	0	3.2653	0	0	12.0212	0	27.0465	0.0929	0	0	0	0.1274	2.6895	0.602	0.2905	0.1604	0	0	18.5411	0	151.691	0.5337	8.2951	0	0	0	0.208	0	10.9663	2.512	488.645	359.961	1.044
Cyanobacterium sp. uoEpiScrs1	0	0	0	0	0	0	0	0	0	0	0	0	0	0	0	0	0	0	0	0	0	0	0	0	0	0	0	0	0	0	0	8.9864	0	0	0	0	0	0	0	0	0	0
Cytomegalovirus macacinebeta3	0	0	0	0	0	0	0	0	0	0	0	0	0	0	0	0	0	0	0.048	0	0	0	0	0	0	0	0	0	0	0	0	0	0	0	0	0	0	0	0	0	0	0
Cytophaga hutchinsonii	0	0	0	0	0	0	0	0	0	0	0	0	0	0	0	0	0	0	0	0	0	0	0	0	0	0	0	0	0	0	0	0	0	0	0	0	7.5072	0	0	0	0	0.1491
Dactylosporangium roseum	0	0	0.1132	0	0	0	2.0763	0	0	0	0	0	0	0	0	0	0	0	0	0	0	0	0	0	0	0	0	0	0	0	0	0	0	0	0	0	0	0	0	0	0	0
Deinococcus aetherius	3.4427	0	0	0	0.7065	0	0	2.1426	0	0	0	0	0	0	0	0	0	0	0	0	0	0	0	0	0	0	0	0	0	0	0	0	0	0	0	0	0	0	0	0	0	0
Deinococcus deserti	0	0.1183	0	0	0	3.0107	0	0	0	0	0	0	0	0	0	0	0	0	0	0	0	0	0	0	0	0	0	0	0	0	0	0	0	0	0	0	0	0	0	0	0	0
Deinococcus geothermalis	0	11.9483	0	0	0	0	0.2186	0	0	0	0	0	0	0	0	0	0	0	0	0	0.1274	0	0	0	0	0.1713	0	0	0	0.1758	0	0	0	0	0	0	0	0	0	0.2964	0.3296	0
Deinococcus rubellus	42.0947	0	0	0	0.1766	0	0	0	0	0	0	0	0	0	0	0	0	0	0	0	0	0	0	0	0	0	0	0	0	0	0	0	0	0	0	0	0	0	0	0	0	0
Deinococcus sp. D7000	0	0	0	0	0	3.387	0	0	0	0	0	0	0	0	0	0	0	0	0	0	0	0	0	0	0	0	0	0	0	0	0	0	0	0	0	0	0	0	0	0	0	0
Deinococcus sp. NW-56	0	0	0	0	0	0	0	27.8543	0	0	0	0	0	0	0	0	0	0	0	0	0	0	0	0	0	0	0	0	0	0	0	0	0	0	0	0	0	0	0	0	0	0
Deinococcus wulumuqiensis	48.3541	0.1183	0	0	0	0.0941	0	0	0	0	0	0	0	0	0	0	0	0	0	0	0	0	0	0	0	0	0	0	0	0	0	0	0	0	0	0	0	0	0	0	0.1099	0
Delftia acidovorans	96.0823	66.4844	45.7311	3.6334	94.8498	16.9349	6.2289	10.3835	24.9469	13.9428	28.2006	6.6056	13.4611	4.4364	3.8352	1.0771	0.0929	0	0.1441	0	11.5966	3.1377	8.1265	11.619	2.8071	7.6232	38.6331	1.2361	2.2924	52.9953	25.0842	20.0465	36.5888	446.464	91.4576	19.549	11.0633	34.6935	1.6747	13.7354	19.9978	7.0095
Delftia lacustris	11.58	0.3549	2.9431	0.3633	65.5294	1.4112	0.5464	0.4945	3.838	0	0.2968	0.1376	0.8158	0	0.6056	3.7099	0	0	0	0	0.3823	0.2241	0	0.8714	0.0802	0.4283	0.6899	0.1766	6.8771	0.4394	13.8764	0	0	0.7565	0	2.4956	1.5805	2.592	0	1.4822	2.1976	0.5966
Delftia sp. Cs1-4	0.1565	0	1.3584	0	0.8831	0.0941	0	0	0	0	0	15.1379	0	0	0	0	0	0	0	0	0	0	0	0.2905	0.2406	0.1713	0	0.1766	20.6313	0	0	0	0.2301	0	1.2942	0	0.7902	0	0	0.1976	0.3296	0.1491
Delftia sp. HK171	0	0.2366	1.2452	0	0.5299	0.0941	0	63.6198	0	0.6639	25.8258	0	0	0	0	0	0	0	0	0	0	0	0	0	0.2406	0	0	0	0	0.2637	0	0	0	1.5129	0	0	1.5805	0	0	0.4941	0.4395	0
Delftia tsuruhatensis	37.4001	1.8928	10.0744	1.8167	16.4265	34.7166	3.1691	3.2964	20.4692	0.6639	5.0464	0.5505	87.2931	0.1431	0.4037	0.2394	0	0.139	0	0.1861	9.6851	0	0	1.4524	0.401	2.227	2.0696	0.1766	2.2924	4.1306	4.0028	2.0738	1.6108	26.4761	31.4925	8.5267	7.5072	10.8666	0.1196	11.3638	9.1199	1.4914
Demequina sediminis	0	0	0	0	0	0	0	0	0	0	0	4.1285	0	0	0	0	0	0	0	0	0	0	0	0	0	0	0	0.1766	0	0	0	0	0	0	0	0	0	0	0.1196	0	0	0
Denitrificimonas caeni	53.5182	0.1183	0	0	0	0	0	0	0	0	0	0	0	0	0	0	0	0	0	0	0	0	0	0	0	0	0	0	0	0	0	0	0	0	0	0	0	0	0	0	0	0
Dermacoccus abyssi	0	0	0.3396	0	0	0	0	0	0	0	0	0	0	0	0	0	0	0	0	0	0	0	0	0	0	0	0	0.8829	0	0	0	0	0	0	0	0	0	0	0	0	0	0
Dermacoccus nishinomiyaensis	0.6259	0	0.1132	0	0	0	0	0	0	0	9.2023	0	0	0	0	0	0	0	0	0	0	0	0	0	0	0.0857	0	0.3532	0	0	0	0	0	0	0	0	0	0.0997	0	0	0.1099	0.1491
Desemzia incerta	12.2059	0.5915	0	0	0	0	0	0	0	0	0	0	2.4475	0	0	0	0	0	0	0	0	0	0	0	0	0	0	0	0	0	0	0	0	0	0	0	0	0	0.1196	0	0	0
Desulfarculus baarsii	0	0	0	0	0	0	0	0	0	0	0	0	0	0	0	0	0	0	0	0	0	0	0	0	0	0	0	0	0	0	0	1.3825	0	0	0	0	0	0	0	0	0	0
Devosia algicola	0	0	0	0	0	0	0	1.813	0	0	0	0	0	0	0	0	0	0	0	0	0	0	0	0	0	0	0	0	0	0	0	0	0	0	0	0	14.6193	0	0	0	0	0
Devosia beringensis	0	0	0	0	0	0	0	0	0	0	0	0	0	0.1431	0	0	0	0	0	0	0	0	0	0	0	0	0	0	0	0	0	0	0	0.1513	0	0	20.1509	0	0	0	0	0
Devosia sp. 1566	0	0	0	0	0	0	0	2.3075	0	0	0	0	0	0	0	0	0	0	0	0	0	0	0	0	0	0	0	0	0	0	0	0	0	6.9594	0	0	0.3951	0	0	0	0	0
Devosia sp. FJ2-5-3	0	0.3549	0	0	2.8261	0	0	1.3186	0	0	0	0	0	0	0	0	0	0	0	0	0	0	0	0	0	0	0	0	0	0	0	0	0	0.9078	0	0	0	0	0.3589	0	0	0
Devosia sp. MC521	0	0	0	0	0	30.2006	0	4.9445	0	0	0	0	0	0	0	0	0	0	0	0	0	0	0	0	0	0	0	0	0	0	0	0	0	0	0	0	0	0	0	0	0	0
Devosia sp. YIM 151766	0	0	0	0	0	0	0	0	0	0	0	0	0	0	0	0	0	0	0	0	0	0	0	0	0	0	0	0	0	0	0	0	0	0	0	24.1243	0	0	0	0	0.1099	0
Dialister massiliensis	0	0	0	0	0	0	0	0	0	0	0	0	0	0	0	0	0	0	0	0	0	0.6724	0	0	0	0	0	0	0	0	0.2669	0	0	0	0	0	0	0	0	0	0	0
Dialister pneumosintes	0	0	0	0	0	0	0	0	0	0	0	0	0	0	0	0	0	0	0	0	0	0	0.9029	0	0	0	0	0	0	0	1.0674	0	0	0	0	0	0	0	0	0	0	0
Dialister succinatiphilus	0	0	0	0	0	0	0	0	0	0	0	0	0	0	0	0	0	0	0	0	0	0	0	0	0	0	0	0	0	0	6.9382	0	0	0	0	0	0	0	0	0	0	0
Diaphorobacter aerolatus	0.6259	0	0.1132	0	0	0	0	0	0	0	0	0	0.4079	0	0	0	0	0	0	0	0	0	0	0	0	0	0	0	0	0	0	2.765	0	0	0	0	0.3951	0	0	0	0	0
Diaphorobacter sp. C33	0	0	0	0	0	0.1882	0.1093	0.6593	0.6397	0	0	0	0	0	0	0.359	0	0	0	0	0	0	0	0	0	0.0857	0	0	0	0.0879	0	0	0.4602	0	0	0	0	0.4985	0	0.0988	0	0
Diaphorobacter sp. ED-3	0.1565	0	0	0	0	0.0941	0	0.1648	9.595	0	0	0	0.8158	0.1431	0	0	0	0	0	0	0	0	0	0.2905	0.0802	0.0857	1.3798	0	0	0	0	0	1.841	0.1513	0	0	0	0.2991	0	0.1976	0.2198	0.1491
Diaphorobacter sp. HDW4A	0.7824	0	0.2264	0	0	0	0	0	0	0	0	0	0	0	0	0	0.2787	0	0	0	0	0	0	0.2905	0	0	0	0	0	0	0	0	0	0	0	0	0	0	0	0	0.1099	0
Diaphorobacter sp. HDW4B	0.4695	0	0	0	0	0	0	0	0	0	0	0	0	0	0	0	0	0	0	0	0	0	0	0	0	0	0	0	2.2924	0	0	0	0	0	0.4314	0	0.7902	0.0997	0	0	0	0
Diaphorobacter sp. JS3050	0.7824	0.1183	0.2264	0	0	0.0941	0	0.3296	0	0	0	0	1.2237	0	0	0	0	0	0	0	0	0	0	0	0	0.0857	0	0	0	0	0	0	0	0	39.2578	0	0	0.2991	0	0	0	0.1491
Diaphorobacter sp. JS3051	0.1565	0	0.4528	0	0	0	0.2186	53.5659	10.2346	0	0	0	0	0.5724	0	0	0	0	0	0	0	0	0	0.2905	0	9.1649	0	0	0	0.1758	0	0	3.2217	0.1513	4.314	0	0	49.7473	0	0.1976	0.1099	2.8336
Diaphorobacter sp. MNS-0	0.4695	0	0.2264	0	0.1766	0.1882	0.1093	0.6593	0.6397	0	0	0	0	0.7156	0	0.1197	0	0	0	0	0.1274	0	0	0	0	0	0	0	0	0	0	0	0.4602	0.3026	0.4314	0	0	0.2991	0	0	0.1099	0.4474
Dietzia kunjamensis	0	0	2.0375	0	0	0.0941	0	0	0	0	0	0	0	0	0	0	0	0	0	0	0	0	0	0	0.1604	0	0	0	0	0.1758	0	0	0	0	0	1.2478	0	0	0	0.0988	0.5494	0
Dietzia lutea	0.4695	0	0.2264	0.3633	0	0	0	0	0	1.3279	0	0	0	0	0	0	0	0	0	0	0	0	0	0	0	0	0	0.3532	0	0	0	0	0	10.5905	0	0	0	0.0997	0	0.0988	0	0
Dietzia psychralcaliphila	0	0	0.3396	0	0	0	0.4371	0.1648	0	3.9836	0	0	0	0	0	0	0	0	0	0	0	0	0	0	0	0	0	0	0	0	0	0	0	0	0	0.8319	0	0	0	0	0	0
Dietzia sp. B32	0	0	0.2264	0	0	0	0.1093	0	0	0	0	0	1.2237	0	0	0	0	0	0	0	0	0	0	0	0	0	0	0	0	0	0	0	0	0.1513	0	0.208	0	0	0	0	0	0
Dietzia sp. DQ12-45-1b	0.1565	0	1.2452	0	0.1766	1.0349	0	0.8241	5.1173	0	0	0.1376	0	0	0	0.2394	0	0	0	0	0	0	0	0	0	0	0	0	0	0	0.5337	0	0.6904	44.1773	0.8628	0.4159	0.7902	0.6979	0	0	1.0988	0
Dietzia sp. JS16-p6b	0	0	1.6979	0	0	1.0349	0.1093	1.4834	32.6228	0	0	0.5505	0	0	0	0	0	0	0	0	0	0	0	0	0.401	0	0	0	0	0.7031	0	0	0.2301	4.6901	0	0	1.1854	0.3988	0	0.4941	1.2087	0.2983
Dietzia sp. oral taxon 368	0.1565	0	0.3396	0.3633	0	0	0.2186	0.1648	0	0	1.1874	0	0	0.1431	0	0	0	0	0	0	0.1274	0	0	0	0	0	0	0.3532	0	0.1758	0	0.6913	0	10.2879	0	0	0	0	0	0.0988	0.3296	0
Dorea formicigenerans	0	0	0	0	0	0	0	0	0	0	0	0	0	0	0	0	0	0	0	0	0	0	3.3108	0	0	0	0	0	0	0	0	0	0	0	0	0	0	0	0	0.0988	0	0
Dorea longicatena	0	0	0	0	0	0	0	0	0	0	0	0	0	0	0	0	0	0	0	0	0	0	6.0197	0	0	0	0	0	0	0	0	0	0	0	0	0	0	0	0	0	0.1099	0.1491
Dyadobacter chenhuakuii	0	0	0	11.2635	0	0	0	0.1648	0	0	0	0	0	0	0	0	0	0	0	0	0	0	0	0	0	0	0	0	0	0	0	0	0	0	0	0	5.1365	0	0	0	0	0
Dyadobacter fanqingshengii	0	0	0	11.9902	0	0	0	0	0	0	0	0	0	0	0	0	0	0	0	0	0	0	0	0	0	0	0	0	0	0	0	0	0	0	0	0	2.3707	0	0	0	0	0
Dyadobacter fermentans	0	0	0	4.7234	0	0	0	0	0	0	0	0	0	0	0	0	0	0	0	0	0	0	0	0	0	0	0	0	0	0	0	0	0	0	0	0	0	0	0	0	0	0
Dyadobacter pollutisoli	0	0	0	10.5368	0	0.0941	0	0	0	0	0	0	0	0	0	0	0	0	0	0	0	0	0	0	0	0	0	0	0	0	0	0	0	0	0	0	8.2974	0	0	0	0	0
Dyadobacter sp. 32	0	0	0	31.2472	0	0	0	0	0	0	0	0	0	0	0	0	0	0	0	0	0	0	0	0	0	0	0	0	0	0	0	0	0	0	0	0	50.97	0	0	0	0	0
Dyadobacter sp. NIV53	0	0	0	50.5041	0	0	0	0	0	0	0	0	0	0	0	0	0	0	0	0	0	0	0	0	0	0	0	0	0	0	0	0	0	0	0	0	57.687	0	0	0	0	0
Dysosmobacter sp. Marseille-Q4140	0	0	0.4528	0	0	0	0	0	0	0	0	0	0	0	0	0	0	0	0	0	0	0	0	0	0	0	0	0	0	0	1.0674	0	0	0	0	0	0	0	0	0	0	4.7724
Dysosmobacter welbionis	0	0	0	0	0	0	0	0	0	0	0	0	0	0	0	0	0	0	0	0	0	0	0	0	0	0	0	0	0	0	0	0	0	0	0	0	0	0	0	0	0	8.0535
Edwardsiella ictaluri	0	0.1183	0	0	0.1766	0	0.1093	0	0	0	0	0	0	0	0	0	0	0	0	0.1861	0	0	0	0	0	0	0	0	0	0	0	0	0	0	0	0	0	0	0	0	0	0
Elizabethkingia anophelis	0.4695	0	0	2.5434	0	0	0	0	12.1536	0	0	0	0	0	0	0	0	0	0	0	5.6072	0	0.301	0	0	0	0	0	0	0	0	4.1476	7.1337	4.9926	0	0.6239	1.5805	0	0	19.6644	0.2198	0
Elizabethkingia meningoseptica	0	0	0	0	0	0.3763	0	0	0	0	0	0	0	0	0	0	0	0	0	0	0	0	0	0	0	0	0	0	0	0	0	0	0	0.1513	0	1.4558	0	0	0	0.0988	0	0
Emesvirus japonicum	0	0	0.1132	0	0	0	493.394	0	0	0	0	0	0	0	0	0	0	0	0	0	0	0	0	0	0	0	1.3798	0	0	0	0	0	0	0	44.4346	0.208	0	0	0	713.253	0	0
Emesvirus zinderi	874.13	284.984	5819.17	460.714	2503.19	3192.99	2330.04	2597.53	503.415	321.347	967.133	692.627	1097.69	685.64	138.469	100.527	40.7786	24.1442	7.2992	24.7478	509.233	281.052	26.1855	1095.38	2908.46	0	1354.92	249.333	293.423	0.0879	350.111	1166.15	2504.84	1887.67	366.262	2384.98	624.284	1352.35	76.7944	6380.25	3038.35	1697.64
Empedobacter stercoris	36.4612	0	0	0	0	0	0	0	0	0	0	0	0	0	0	0	0	0	0	0	0	0	0	0	0	0	0	0	0	0	0	0	0	0	0	0	0	0	0	0	0	0
Ensifer adhaerens	0	0	0	0.3633	0	0.1882	5.4639	0	0	0	0	0	0	0	0	0	0	0	0	0	0	0	0	0	0	0	0	0	0	0	0	0	0	0	0	0	7.1121	0	0	0	0.3296	0.1491
Enterobacter asburiae	5.79	0.5915	0	0	0	0.0941	0	0	0.6397	0	0	0	0	0	0	0	0	0	0	0.1861	0	0	0	0	0	0	0	0	0	0.0879	0	0	0	0	0	0.4159	0	0	0	0.0988	0.2198	0.1491
Enterobacter bugandensis	0	0.4732	0	0	0	0	0	0.1648	0	0	0	0	0	0	0.4037	0	0	0	0	0	0	0	0	0	0	0.0857	0	0	0	0.0879	0	0	0	0	0	0	0	0	0	0	0	0
Enterobacter cloacae	14.7097	0.9464	0.3396	0	0	0	0	14.504	0	0	0	0	0	0	0	0	0	0	0	0	0	0	0	0	0	0	0	0	0	0	0.2669	0	0	0	0	0	0	0	0	0	0	0
Enterobacter hormaechei	207.187	4.1405	0.2264	0	0.1766	0	0.2186	0.3296	0.6397	0	0	0.1376	0	0	0	0	0	0	0	0.3721	0.2549	0	0	0	0	0	0	0	0	0.0879	0	0	0.2301	0.1513	0	0	0	0	0	0.2964	0.5494	0
Enterobacter roggenkampii	364.925	0.3549	0	0	0	0	0	0	0	0	0	0	0	0	0	0	0	0	0	0.7443	0	0	0	0	0.0802	0	0	0	0	0.0879	0	0	0	0	0	0	44.6481	0.0997	0	0.0988	0	0
Enterobacter sp. T2	0	0	0	0	0	0	0	0	0	0	0	0	0	0	0	0	0	0	0	0	0	0	0	0	0	0	2.7595	0	0	0	0	0	0	0	0	0	0	0	0	0	0	0
Enterococcus avium	0	139.594	0	0	0	0	0	0	0	0	0	0	0	0	0	0	0	0	0	0	0	0	0	0	0	0	0	0	0	0	0	0	0	0	0	0	0	0	0	0	0	0
Enterococcus cecorum	0	17.2717	0	0	0	0	0	0	0	0	0	0	0	3.7209	0	0	0	0	0	0	2.1664	0	0	0	0	0	0	0	0	0	0	0	0	0	0	0	0.3951	0	0.7177	0	2.6371	0
Enterococcus durans	0	15.1423	0	0	0	0	0	0	0	0	0	0	0	0	0	0	0	0	0	0	0	0	0	0	0	0	0	0	0	0	0	0	0	0	0	0	0	0	0	0	0	0
Enterococcus faecalis	0	25763.8	0.3396	0	0	0.5645	0.1093	0	0	0	0	0	0	0.2862	0	0	0.0929	0	0	0.1861	0	0	0	0	0.0802	0	0	0.1766	0	0	0	0	0	0.1513	0	0	0	0	0.3589	0.0988	0	0.1491
Enterococcus faecium	0	408.725	0.1132	1.09	0	0	0.3278	4.2853	0	0	0	3.0276	0	0.1431	0	0	0	0	0	0	0	0	0	0	0	0	0	0	0	0	0	0	1.3807	0	0	0	0	0.0997	0.4785	0	0	0.2983
Enterococcus rotai	0	100.673	0	0	0	0	0	0	0	0	0	0	0	0	0	0	0	0	0	0	0	0	0	0	0	0	0	0	0	0	0	0	0	0	0	0	0	0	0	0	0	0
Enterococcus sp. IsoC9	0	255.291	0	0	0	0	0	0	0	0	0	0	0	0	0	0	0	0	0	0	0	0	0	0	0	0	0	0	0	0	0	0	0	0	0	0	0	0	0	0	0	0
Epilithonimonas vandammei	0	0	0.1132	0	1.413	0	0	0	0	1.9918	0	0	0	0	0	0	0	0	0	0	0.1274	0	0	0	0	0	0	0	0	0.0879	0	0	0	0	0	0	0	0	0	3.6562	0.1099	0
Equine infectious anemia virus	184.184	10.647	473.385	135.889	504.629	770.916	158.454	1017.75	94.0305	322.011	113.396	85.0474	38.3437	27.9065	38.5533	12.3265	5.3876	2.7805	0.8164	4.6518	219.954	28.6879	10.8354	39.214	326.825	519.917	308.375	22.0727	197.144	134.026	20.8146	450.01	103.323	496.995	47.4544	826.672	87.7158	229.097	25.0001	687.462	230.744	459.347
Erwinia persicina	40.5299	0	0	3.2701	0	0	0	0	0	0	0	0	0	0	0	0	0	0	0	0.1861	0	0	0	0	0	0	0	0	0	0	0	0	0	0	0	0	0	0	0	0	0	0
Erwinia sp. E602	65.0981	0	0	0	0	0	0	0	0	0	0	0	0	0	0	0	0	0	0	0	0	0	0	0	0	0	0	0	0	0	0	0	0	0	0	0	0	0	0	0	0	0
Erwinia sp. Ejp617	21.4386	0.1183	0	0.3633	0	0	0	0	0	0	0	0	0	0	0	0	0	0	0	1.1164	0	0	0	0	0	0	0	0	0	0.1758	0	0	0	0	0	0	0	0	0	0	0	0
Erwinia sp. QL-Z3	16.118	0	0	6.1768	0	0	0	0	0	0	0	0	0	0	0	0	0	0	0	0	0	0	0	0	0	0	0	0	0	0	0	0	0	0	0	0	0	0	0	0	0	0
Escherichia albertii	0.7824	13.9594	0.3396	0.3633	0	0.2822	0	0.8241	0	0	0.2968	0.1376	0	0.1431	0.2019	0	0	0	0	3.7215	0.1274	0	0	0	0.0802	0.4283	0	0.7063	0	0.5273	0	0	3.912	0	0	0.4159	0	1.7945	0	0.0988	0.4395	0.7457
Escherichia coli	1367.22	7229.88	1406.12	751.748	1751.1	2107.46	2009.64	2867.84	573.138	613.481	232.136	322.85	275.341	198.35	92.4472	74.1984	19.2282	20.2051	2.7372	2310.47	300.493	90.0979	44.2444	273.046	933.637	866.129	534.655	312.903	1008.64	2064.79	211.881	1185.51	577.597	2844.14	770.487	1902.49	214.943	7434.97	28.1101	1527.79	1725.97	786.556
Escherichia fergusonii	8.6067	2.4843	0.1132	0	0	0.0941	0	0	0	0	0	0	0	0.1431	0.2019	0	0	0	0	14.6998	0	0.6724	0	0	0.7218	1.7131	0.6899	0.1766	2.2924	0.8789	0	0	0.2301	0	0	0.208	0	0.5982	0	1.6799	0	0
Escherichia marmotae	0	1.7745	0.1132	0	0	0.1882	0.3278	0.3296	0	0	0	0	0	0.1431	0	0	0	0	0	0.1861	0	0	0	0	0	0.3426	0	0	0	0.4394	0	0	0.2301	0.3026	0	0.8319	0	0	0	0.1976	0.6593	0
Escherichia phage vB_EcoM_Skers	0	0	4.5278	0	0	0	0.1093	0	0	0	0	0	0	0	0	0	0	0	0	0	0.1274	0	0	0	0	2.3983	0	0	0	1.3183	0.2669	0	0.2301	0.3026	0	3.9514	0	0.6979	0	1.1858	1.5383	0
Escherichia phage vB_EcoP_Kapi1	0	0	0	0	0	0	0	0	0	0	0	0	0	0	0	0	0	0	0	0	0	0	0	0	0	0	0	0	0	0	0	0	0	0	0	0	0	12.1627	0	0	0	0
Escherichia ruysiae	0	0.1183	0	0	0	0	0.1093	0	0	0	0	0	0	0	0	0	0	0	0	0	0	0	0	0	0	0	0	0	0	26.5416	0	0	0	0	0	0	0	0	0	0	0	0
Escherichia sp. E4742	0	0	0	0	0	0	0	0	0	0	0	0	0	0	0	0	0	0	0	0.1861	0	0	0	0	0	0	0	0	0	0	0	0	0	0	0	0	0	0.0997	0	0	0	0
Ethanoligenens harbinense	0	0	0	0	0	0	0	0	0	0	0	0	0	0	0	0	0	0	0	0	0	0	0	0	0	0	0	0	0	0	0	0	12.1963	0	0	0	0	0	0	0	0	0
Eubacterium sp. MSJ-33	0	0	0	0	0	0	0	0	0	0	0	0	0	0	0	0	0	0	0	0	0	0	0.9029	0	0	0	0	0	0	0	0	0	0	0	0	0	0	0	0	0	0	0
Ewingella americana	294.819	0	0	0	0	0	0	0	0	0	0	0	0	0	0	0	0	0	0	0	0	0	0	0	0	0	0	0	0	0	0	0	0	0	0	0	0	0	0	0	0	0
Exiguobacterium acetylicum	0	0.1183	0	0	0	0	0	4.6149	0	1.9918	0	0	0	0	0	0	0	0	0	0	0	0	0	0	0	0	0	0	0	0	0	0	0	0	0	0	0	0	0	0	0	0
Ezakiella coagulans	0	0	0	0	0	0	0	0	0	1.3279	0	0	0	0	0	0	0	0	0	0	0	0	15.0491	0	0	0	0	0	0	5.3611	0	0	0	0	0	0	0	0	2.1531	0	17.3607	25.6518
Ezakiella massiliensis	0	0	0.1132	0	0	0	0	0	0	57.0989	0	0	0	0	0	0	0	0	0	0	0	0	8.4275	0	0	0	0	0	0	0	3.736	0	0	0	0	0	0	0	0	0	0	54.2864
Faecalibacterium duncaniae	0	0	0.2264	0	0	0	0	0	0	0	0.2968	0	0	0	0	0	0	0	0	0	0	0	0	0	0	0.0857	0	0	0	0	45.8988	0	0	0	0	0	0	0	0	0	0	0
Faecalibacterium prausnitzii	0	0	0.2264	0	0	0	0	0	0	0	0.5937	0	0	0	0	0	0	0	0	0	0	0	0.9029	0	0	3.5975	0	0	0	0	35.2246	0	0	0	0	0	0	0	0	0.0988	0	0.1491
Faecalibacterium sp. HTF-F	0	0	0.1132	0	0	0	0	0	0	0	0	0	0	0	0	0	0	0	0	0	0	0	0	0	0	0.8565	0	0	0	0	0	0	0	0	0	0	0	0	0	0	0	0
Faecalibacterium sp. I2-3-92	0	0	0	0	0	0	0	0	0	0	0	0	0	0	0	0	0	0	0	0	0	0	0	0	0	0.0857	0	0	0	0	2.4017	0	0	0	0	0	0	0	0	0	0	0
Faecalicatena sp. Marseille-Q4148	0	0	0	0	0	0	0	0	0	0	0	0	0	0	0	0	0	0	0	0	0	0	0	0	0	0	0	0	0	0	0	39.4018	0	0	0	0	0	0	0	0	0	0
Fenollaria massiliensis	0.4695	0	0.1132	0	0	0	0	3.1315	0	0	0	0	0	0	0	0.359	0	0	0	0	0	0	12.9422	0	0	0	0	0	0	0	0	0	0	0	0	0	0	0	0	0	0	37.4338
Fenollaria sporofastidiosus	0.1565	0	0.1132	0	0	0	0	7.252	0	0	0	0	0	0	0	0	0	0	0	0	0	0.2241	12.9422	0	0	0	0	0	0	0	0	0	0	0	0	0	0	0	0	0	0	91.1236
Ferrimonas lipolytica	0	0	0	0	0	0	1.7485	0	0	0	0	0	0	0	0	0	0	0	0	0	0	0	0	0	0	0	0	0	0	0	0	0	0	0	0	0	0	0	0	0	0	0
Fervidibacillus albus	0	22.2403	0	0	0	0	0	0	0	0	0	0	0	0	0	0	0	0	0	0	0	0	0	0	0	0	0	0	0	0	0	0	0	0	0	0	0	0	0	0	0	0
Fictibacillus arsenicus	0	201.346	0	0	0	0	0	0	0	0	0	0	0	0	0	0	0	0	0	0	0	0	0	0	0	0	0	0	0	0	0	0	0	0	0	0	0	0	0	0	0	0
Filimonas lacunae	0	0	0	0	0	0	0	0	0	0	0	0	0	0	0	0	0	0	0	0	0	0	0	0	0	0	0	0	0	0	0	0	0	0	0	1.4558	0	0	0	0	0	0
Finegoldia magna	0	6.1516	207.375	9.8102	0	2.0698	0	0.9889	0	3.9836	3.2653	2.3395	0	2.1467	0	0	0.3716	0	0	0	0	21.5159	153.2	0.2905	0	0	0	0.3532	0	0.3515	862.203	0	0.9205	0	0	0	0	83.5435	0	0	17.2509	0
Flavihumibacter fluvii	0	0	0	0	0	0	0	0	0	0	0	0	0	0	0	0	0	0	0	0	0	0	0	1.1619	0	0	0	0	0	0	0	0	0	0	0	0	13.0388	0	0	0	0	0
Flavihumibacter rivuli	0	0	0	0	0	0	0	0	0	0	0	0	0	0	0	0	0	0	0	0	0	0	0	0	0	0	0	0	0	3.1639	0	0	0	0	0	0	0	0	0	0	0.1099	0
Flavobacterium agricola	0	0	0	0	0	0.3763	0	0	0	0	0	0.8257	0	0	0	0	0	0	0	0	0	0	0	0	0	0	0	0	0	0	0.2669	0	0	0	0	0	0	0	0	0	0	0
Flavobacterium azooxidireducens	0	0	0	0	0	0	0	0	0	0	0	0	0	0	0	0	0	0	0	0	0	0	0	0	0	0	0	0	0	0	0	0	0	0	0	0	0	0	0	0	0	271.134
Flavobacterium cerinum	0.313	0	0	0	0	0	0	0	0	0	0	0	0	0	0	0	0	0	0	0	0	0	0	1.4524	0	0	0	0	0	0	0	0	0	0	0	0	0	0	0	0	0	0
Flavobacterium channae	0	0	0	0	0	0	0	0	0	0	0	0	0	0	0	0	0	0	0	0	0	0	0	1.1619	0	0	0	0	0	0	0	0	0	0	0	0	0	0	0	0	0	0
Flavobacterium crassostreae	0	0	0	0	0	0	0	0	0	0	0	0	0	0	0	0	0	0	0	0	0	0	0	0	0	0	0	0	0	0	0	0	0	0	0	0	0	2.6917	0	0	0	0
Flavobacterium cyclinae	0	0	0	0	0	0	0	0	0	0	0	0	0	0	0	0	0	0	0	0	0	0	0	0.2905	0	0	0	0	0	0	0	0	0	0	0	0	6.717	0	0	0	0	0
Flavobacterium faecale	0	0	0	0	0	0	0	0.3296	0	2.6558	0	0.1376	0	0	0	0	0	0	0	0	0	0	0	0	0	0	0	0	0	0	0	0	0	0	0	0	0	0	0	0	0	0
Flavobacterium humidisoli	0	0	0	0	0	0	0	0	0	0	0	0	0	0.4293	0	0	0	0	0	0	0	0	0	0	0	0	0	0	0	0	0	0	0	0	0	0	0	0	0	0	0	0
Flavobacterium inviolabile	0	0	0	0.3633	0	0	0	0	0	0	0	0	0	0	0	0	0	0	0	0	0.6372	0	0	0	0	0	0	0	0	0	0	0	0	0	0	0	0	0	0	0	0	0.7457
Flavobacterium johnsoniae	0.6259	0.3549	0	0	0	0	0	0.1648	0	0	0	0.2752	0	0	0	0	0.1858	0	0	0	0	0	0	0.5809	0	0	0	0	0	0	0	0	0	0	0	0	0	0	0	0	0	0
Flavobacterium kingsejongi	0	0	0	0	0	0	0	0	0	0	0	0.2752	0	0	0	0	0	0	0	0	0	0	0	0	0	0	0	0	0	0	0	0	0	0	0	0	0	0	0	0	0	8.0535
Flavobacterium panacagri	0	0	0	0	0	0	0	0	0	0	0	0	0	0	0	0	0	0	0	0	0	0	0	0	0	0	0	0	0	0	0	0	0	0	0	0	0	0	0	0	0	8.2026
Flavobacterium praedii	0	0.1183	0	0	0	0	0	0	0	0	0	0	0	0	0	0	0.4644	0	0	0	0	0	0	0	0	0	0	0	0	0	0	0	0	0	0	0	0	0	0	0	2.5272	0
Flavobacterium psychrophilum	2.8168	0.7098	0	0.3633	0	0	0	0	0	0	0	26.973	0	0.5724	0	0	0	0	0	0	0	0	0	0	0	0	0	0	0	0	0	0	0	0	0	0	3.1609	2.293	0	0	0.6593	16.8526
Flavobacterium psychrotrophum	0	0	0	0	0	0	0	0	0	0	0	0.2752	0	0	0	0	0	0	0	0	0.3823	0	0	0	0	0	0	0	0	0	0	0	0	0	0	0	0	0	0	0	0	0.4474
Flavobacterium sp. 140616W15	0	0	0	0	0	0	0	1.9778	0	0	0	0.2752	0	0	0	0	0.1858	0	0	0	0	0	0	0	0	0	0	0	0	0	0	0	0	0	0	0	0	0	0	0	0.2198	0
Flavobacterium sp. I3-2	0	0	0	0	0	0	0	0	0	0	0	2.2019	0	0	0	0	0	0	0	0	0	0	0	0	0	0	0	0	0	0	0	0	0	0	0	0	0	0	0	0	0	0.1491
Flavobacterium sp. IMCC34518	0	0.1183	0	0	0	0	0	0	0	0	0	0	0	0	0	0	0	0	0	0	0	0	0	0	0	0	0	0	0	0	0	0	0	0	0	0	0	0.2991	0	0	4.8346	0
Flavobacterium sp. K5-23	4.3816	0	0	0	0	0	0	0	0	0	0	0	0	0	0	0	0.0929	0	0	0	0	0	0	0	0	0	0	0	0	0	0	0	0	0	0	0	0	0.7976	0	0	0.7691	0
Flavobacterium sp. KBS0721	27.698	13.4862	0	0	0	0.0941	0	0	0	0	0	0	0	0	0	0	0	0	0	0	0	0	0	0	0	0	0	0	0	0	0	0	0	0	0	0	0.3951	0	0	0	0	0
Flavobacterium sp. N1846	0	0	0	0	0	0	0	0	0	0	0	0	0	0	0	0	0	0	0	0	0	0	0	0.8714	0	0	0	0	0	0	0	0	0	0	0	0	0	0	0	0	0	0
Flavobacterium sp. N2550	0	0	0	0	0	0	0	0	0	0	0	0	0	0	0	0	0	0	0	0	0	0	0	0	0	0	0	0	0	0	0	0	0	0	0	0	0	0	0	0	0	4.0267
Flavobacterium sp. N2820	0.4695	0	0	0	0	0	0	0	0	0	0	0	0	0	0	0	0	0	0	0	0	0	0	0.8714	0	0	0	0	0	0	0	0	0	0	0	0	0	0	0	0	0	0
Flavobacterium sp. WW92	0.313	0	0	0	0	0	0	0	0	0	0	0	0	0	0	0	0	0	0	0	0	0	0	0	0	0	0	0	0	0	0	0	0	0	0	0	0	0	0	0	0	5.2199
Flavonifractor plautii	0	0	0	0	0	0	0	0	0	0	0	0	0	0	0	0	0	0	0	0	0.3823	0	0	0	0	0	0	0	0	0	0	0	0	0	0	0	0	0	0	0	0	0
Frankia alni	0	0	0	0	0	0	0	0	0	1.3279	0	0	0	0	0	0	0	0	0	0	0	0	0	0	0	0	0	0	0	0	0	0	0	0	0	0	0	0	0	0.2964	0	0
Friedmanniella luteola	0	0	0	0	0	0	0	0	0	0	0	0	0	0	0	0	0	0	0	0	0	0	0	0	0	0	8.2785	0	0	0	0	0	0	0	0	0	0	2.4924	0	0	0	0
Frigoribacterium sp. SL97	3.2862	0	0.1132	7.2668	0	0	0	0	0	0	0	0	0	0	0	0	0	0	0	0	0	0	0	0	0	0	0	0	0	0	0	0	0	0	0	0	0	0	0	4.4467	0.2198	0
Frigoriglobus tundricola	0	0	0	0	0	0	0	0	0	0	0	0	0	0.7156	0	0	0	0	0	0	0	0	0	0	0	0	0	0	0	0	0	0	0	0	0	0	0	0	0	0	0	0
Frijoles phlebovirus	0.1565	0	0.6792	0	1.0598	1.2231	0.9835	0.4945	0	0.6639	0	0.1376	1.2237	0	0	0	0	0	0	0	0	0	0	0	0.1604	0.7709	0	0	2.2924	1.2304	0.2669	0	0.4602	0	0	1.2478	0.3951	0	0	0	0.6593	0.5966
Frondihabitans sp. PAMC 28766	0.4695	0	0	8.7201	0	0	0	0	0	0	0	0	0	0	0	0	0	0	0	0	0	0	0	0	0	0	0	0	0	0	0	0	0	0	0.4314	0	0	0	0	2.9645	0	0
Fructilactobacillus lindneri	0	14.0777	0	0	0	0	0	0	0	0	0	0	0	0	0	0	0	0	0	0	0	0	0	0	0	0	0	0	0	0	0	0	0	0	0	0	0	0	0	0	0	0
Fusobacterium animalis	0	0	0	0	0	0.8467	0	0	0	0	0	0	0	0	0	0	0	0	0	0	0	0	0	0	0	0	0	0	0	0	0	0	0	0	0	0	0	0	1343.42	0	0	0
Fusobacterium hwasookii	0	0	0	0	0	0.1882	0	0	0	0	0	0	0	0	0	0	0	0	0	0	0	0	0	0	0	0	0	0	0	0	0	0	0	0	0.4314	0	0	0	10.1675	0	0	0
Fusobacterium necrophorum	0	0	0	0	0	0	0	0	0	0	0	0	0	0	0	0	0	0	0	0	0	0	0	0	0	0	0	0	0	0	0	0	0	0	0	0	0	0	0.4785	0	0	0
Fusobacterium nucleatum	0.9389	0	0	0	0	0.2822	0	0	0	0	0	0	0	0	0	0	0	0	0	0.3721	0	0	0.301	0	0	0	0	0	0	0	0	0	0	0	1.7256	0	0	0.8972	330.503	0	0	0
Fusobacterium polymorphum	0.1565	0	0	0	0	39.1385	0	0	0	0	7.4212	0	0	0	0	0	0	0	0	0	0	0	0	0	0	0	0	0	0	0	0	0	0	0	0	0	0	0.2991	49.2824	0	0	0
Fusobacterium pseudoperiodonticum	0.1565	0	0	0	0	0.0941	0	0	0	0	0	0	0	0	0	0	0	0	0	0	0	0	0	0	0	0	0	0	0	0	0	0	0	0	0	0	0	0.1994	15.311	0	0	0
Fusobacterium sp. oral taxon 203	0	0	0	0	0	0	0	0	0	0	0	0	0	0	0	0	0	0	0	0	0	0	0	0	0	0	0	0	0	0	0	0	0	0	0	0	0	0	0.7177	0	0	0
Fusobacterium varium	0	0	0	0	0	0	0	0	0	0	0	0	0	0	0	0	0	0	0	0	0	0	0	0	0	0	0	0	0	0	0	0	0	0	0	0	0	0	1.6747	0	0	0
Gardnerella vaginalis	0	0	0.1132	0	0	0	0	0	0	0	0	0	0	0	0	0	0	0	0	0	0.1274	0	0	0.8714	0	0	1.3798	0	0	0	0	0	0	0.1513	0	4.3673	0	0.0997	0	0.2964	0	0
Gemella haemolysans	0.7824	0	0	0	0.1766	4.6101	20.1073	0	0.6397	0	0	36.0557	0	0.4293	0	0.1197	0	0	0	0	0	0	0	0	0	0	31.7344	3.1785	4.5847	0	0	0	0	33.5869	0	49.2884	0.3951	0	0.2392	0	4.8346	0.2983
Gemella morbillorum	1.7213	0	0.9056	0	0	2.258	0.4371	0	0	0	1.1874	1.5138	0	0	0	0	0	0	0	0	0	0	0	0	2.8873	0	0	1.2361	0	11.5131	0	0	0	4.6901	0	0	0	9.6703	0.1196	0	0	0.2983
Gemella sanguinis	12.6754	0	0	0	0	0	0	0	0	0	0	0	0	0	0	0	0	0	0	0	0	0	0	0	0	0	0	0.3532	0	0	0	0	0	0	0	0	0	0	0	0	12.4162	0
Gemmata massiliana	0	0	0	0	0	0	0	0	0	0	0	0.1376	0	0.7156	0	0	0	0	0	0	0	0	0	0	0	0	0	0	0	0	0	0	0	0	0	0	0	0	0	0	0	0
Gemmata obscuriglobus	0	0	0	0	0	0	0	0	0	0	0	2.4771	0	0.2862	0	0	0	0	0	0	0	0	0	0	0	0	0	0	0	0	0	0	0	0	0	0	0	0	0	0	0	0
Geobacillus thermodenitrificans	0	0.8281	0	0	0.5299	0	0	0	0.6397	20.5822	0	0	0	0	0	0	0	0	0	0	0	0	0	0	0	0.1713	0	0	0	0	0	0	0	0.1513	0	0	0	0	0	0	0	0
Geodermatophilus obscurus	0	0	0	0	0	0	0	0	0	0	0	0	0	0	0	0	0	0	0	0	0	0	0	0	0	0	0	0	0	0	0	0	0	0.3026	0	0	0	2.8911	0	0	0.2198	0
Georgenia sp. TF02-10	0	0	0	0	0	14.2065	0	0	0	0	0	0	0	0	0	0	0	0	0	0	0	0	0	0	0	0	0	0	0	0	0	0	3.2217	0	0	0	0	0	0	0	0.2198	0
Georgenia wutianyii	0	0	0	0	0	6.3036	0.1093	0	0	0	0	0	0	0	0	0	0	0	0	0	0	0	0	0	0	0	0	1.2361	0	0	0	0	44.6429	0	0	0	0	0	0	0	0.4395	0
Glaciihabitans sp. INWT7	0	0	0	0	0	0	0	0	0	0	0	0	0	0	0	0	0	0	0	0	0	0	0	0	0	0	0	0	0	0	0	0	0	0	0	0	0	0	0	0	0	7.6061
Glaesserella parasuis	20.6561	0.3549	0	0	0	0	0	0	0	0	0	0	0.4079	0	0	0	0	0	0	0	0	0	0	0	0.0802	1.2848	0	0	0	0.2637	0	3.4563	0	0	0	0	0	0	0	0	0	0
Gleimia europaea	0	0	1.9243	4.7234	0	0	0	0	0	0	0	0	0	0	0	0	0	0	0	0	0	0	0	0	0	0	0	0	0	0	0	0	0	0	0	0	0	0	0	0	0	0
Gordonia alkanivorans	0	0	0.1132	0.3633	0	0	2.2949	0	0	0	0	0	0	0	0	0	0	0	0	0	0	0	0	0	0.1604	0	0	0.5297	0	0	0	0	0	0	0	0	0	0	0	0	0	0
Gordonia amarae	0	0	0	0	0	0	0.4371	0	0	0	0	0	0	0	0	0	0	0	0	0	0	0	0	0.5809	0	0	0	0	0	0	0	0	0	0	0	0	0	0	0	0	0	0
Gordonia amicalis	0.1565	0	0	0	0	0.0941	2.5134	0	0	0	0	0	0	0	0	0	0	0	0	0	0	0	0	0	0	0	0	2.119	0	0	0	0	0	0	0	0	0	0.0997	0	0	0	0
Gordonia bronchialis	0	0	0.1132	0.3633	0	0	1.0928	0	0	0	0	0	0	0	0	0	0	0	0	0.3721	0	0.2241	0	0.2905	0.0802	0.0857	0	5.8272	0	0	0	0	0	0.1513	0	0	0	0	0	0.1976	0.1099	0
Gordonia hongkongensis	0.1565	0	0	0.3633	0	0	125.671	0	0	0	0	0	0	0	0	0	0	0	0	0	0	0	0	0	0	0.0857	0	0.1766	0	0	0	0	0	0	0	0.208	0	0	0	0	0	0
Gordonia otitidis	0	0	0	0	0	0	0	0	0	0	0	0	0	0	0	0	0	0	0	0	0	0	0	0	0	0	0	0	0	0	0	0	6.4433	0	0	0	0	0	0	0	0	0
Gordonia polyisoprenivorans	34.2704	0.3549	35.7699	0.3633	2.2962	1.4112	3.6062	6.0983	0	0.6639	1.1874	0.1376	1.2237	1.5742	0.6056	0	0.0929	0.0463	0	0	4.8426	0.6724	0.301	1.4524	1.6843	3.9401	4.8291	1.4127	4.5847	1.582	1.868	0	0.4602	4.5388	0.4314	21.4207	0.7902	1.8942	0	3.3597	5.8235	3.1319
Gordonia rubripertincta	0	0	0.4528	0	0	0	3.7155	0	0	0	0	0	0	0	0	0	0	0	0	0	0	0	0	0	0	0	0	0	0	0	0	0	0	0	0	0	0	0	0	0	0	0
Gordonia sp. PDNC005	0	0	0	0	0	0	0	0	0	0	0	0	0	0	0	0	0	0	0	0	3.6956	0	0	0	0	0	0	0	0	0	0	0	32.2165	0	0	0	0	0	0	0	0	0
Gordonia sp. X0973	0	0	0	0	0	0	11.4743	0	0	0	0	0	0	0	0	0	0	0	0	0	0	0	0	0	0	0	0	0	0	0	0	0	0	0	0	0	0	0	0	0	0	0
Gordonia sp. YC-JH1	0	0	0	5.0868	0	0	0	0	0	0	0	0	0	0	0	0	0	0	0	0	0	0	0	0	0	0	0	0	0	0	0	0	0	0	0	0	0	0	0	0.3953	0.2198	0
Gordonia terrae	0	0	0	0.3633	0	0	3.8248	0	0	0	0	0	0	0	0	0	0	0	0	0	0	0	0	0	0	0.1713	0	4.7677	0	0	0	0	0	0	0	0.208	0	0	0	0	0	0
Gordonia zhaorongruii	0	0	0	0	0	0	0	0	0	0	0	0	0	0	0	0	0	0	0	0	0.1274	0	0	0	0	0	0	0	0	0	0	0	7.824	0	0	0	0	0	0	0	0	0
Granulibacter bethesdensis	0	0	0	0	0	0	0	0	0	0	0	0	0	0	0	0	0	0	0	0	0	0	0	0	0	0	0	0.7063	0	0	0	0	0	0	0	0	0	0	0	0	0	48.1717
Granulicatella adiacens	0	0.7098	0	0	0	0	0	0	0	0	0	0	0	0	0	0	0	0	0	0	0	0	0	0	0	0	0	0	0	0	0	0	0	0	0	0	0	0	6.1005	0	0.5494	0.1491
Granulicatella elegans	0	0.1183	0	0	0	0	0.8742	0	0	0	0	0	0	0	0	0	0	0	0	0	0	0	0	0	0	0	0	0	0	0	0	0	0	0	0	0	0	0	0	0	0	18.9406
Granulicella mallensis	0	0	0	0	0	0	0	0	0	0	0	0	0	0	0	0	0.0929	0	0	0	0	0	0	0	0	0	0	0	0	0	0	0	0	0	0	0	0	0	0	0	0	0
Gulosibacter sediminis	52.4228	0	0.1132	0	0	0	0	0	0	0	0	0	0	0	0	0	0	0	0	0	0	0	0	0	0	0	0	0	0	0	0	0	0	0	0	0	0	0	0	0	0	0
Haematobacter massiliensis	1.2519	0	0.2264	10.1735	0	0	0	0	2.5587	0	0	0	0	0	0	0	0.0929	0	0	0	0	0	0	0	0.2406	0	0	22.2493	0	0	0	0	0	0	0	0	0	0.0997	0	0	0	0
Haematospirillum jordaniae	0	0	0	0	0	0	0	3.4612	0	0	0	0	0	0	0	0	0	0	0	0	0	0	0	0	0	0	0	0	0	0	0	0	0	0	0	0	0	0	0	0	0	0
Haemophilus haemolyticus	0.1565	0	0	0	0	0	0	0	0	0	0	0	0	0.5724	0	0	0	0	0	0	0	0	0	0	0	0	0	0	0	0	0	0	0	0	0	0	0	0	0	0	0	0
Haemophilus influenzae	4.2251	1.183	0	0	0	0	0.4371	0.1648	0	0	0	0.1376	0	0	0	0	0	0	0	0	0	0	0.301	0	0.2406	0.3426	0	0	0	0.5273	0	0.6913	0	0.1513	0	0	0	0	0	1.7787	0.1099	0
Haemophilus parainfluenzae	0	0	0.4528	0	0	0	75.621	0	0	0	0	0	1.6317	1.4311	0	0	0	0	0	0	0	0.6724	0	0	0	0	0	0	0	0.0879	0	0.6913	0	0	6.9025	8.1108	0	0	0	0.1976	0.1099	0
Haemophilus seminalis	0	0	0	0	0	0	0	0	0	0	0	0	0	0	0	0	0	0	0	0	0	0	0.301	0	0	0	0	0	0	0	0	0	0	0	0	0	0	0	0	0	0	0
Hafnia alvei	39.1215	0	0	0	0	0	0	0	0	0	0	0	0	0	0	0	0	0	0	0	0	0	0	0	0	0	0	0	0	0	0	0	0	0	0	0	0	0	0	0	0	0
Hahella chejuensis	0.1565	0.7098	0	0	0	0	0	0	0	0	0	0	0	0	0	0.1197	0	0	0	0	0	0	0	0	0	0	0	0	0	0	0	0	0	0	0	0	0	0	0	0.0988	0	0
Hainan picobirnavirus 19	0	0	0	0	0	23.5207	0	0	0	0	0	0	0	0	0	0	0	0	0	0	0	0	0	0	0	0	0	0	0	0	0	0	0	0	0	0	0	0	0	0	0	0
Halalkalibacter krulwichiae	0	0.5915	0	0	0	0	0	0	0	0	0	0	0.8158	0	0	0	0	0	0	0	0	0	0	0	0	0	0	0	0	0	0	0	0	0	0	0	0	0	0	0	0	0
Halomonas zhanjiangensis	39.278	0	0	0	0	0	0	0	0	0	0	0	0	0	0	0	0	0	0	0	0	0	0	0	0	0	0	0	0	0	0	0	0	0	0	0	0	0	0	0	0	0
Halopseudomonas aestusnigri	40.0604	0	0.1132	0	0	0	0	0	0	0	0	0	1.6317	0	0	0	0	0	0	0	0	0	0	0	0	0	0	0	0	0	0	0	0	0	0	0	0	0	0	0	6.1532	0
Halopseudomonas litoralis	0.1565	0	0	0	0	0	0	0	0	0	0	0	0	0	0	0	0	0	0	0	0	0	0	0	0	0	0	0	0	0	0	0	0	0	0	0	0	0	0	0	4.3951	0
Halopseudomonas phragmitis	0.1565	0	0.1132	0	0	0	0	0	0	0	0	0	0	0	0	0	0	0	0	0	0	0	0	0	0	0	0	0	0	0	0	0	0	0	5.6083	0	0	0	0	0	0.3296	0
Halopseudomonas salegens	0	0	0	0	0	0	0	0	0	3.3197	0	0	0	1.5742	0	0	0	0	0	0	0	0	0	0	0	0	0	0	0	0	0	0	0	0	21.1388	0	0	0	0	0	0	0
Helicobacter pylori	0	0	0	0	0	0	0	0	0	0	0	0	0	0	0	0	0	0	1.4887	0	0	0	0	0	0	0	0	0	0	0	0	0	0	0	0	0	0	0	0	0	0	0
Herbaspirillum seropedicae	0.9389	0.5915	0	0.3633	0	0	0	0	0	0	0	0	0	0	0	0	0	0	0	0	0	0	0	0	0	0	0	0	0	0	0	0	0	0	0	0	4.7414	0	0	0.0988	0.3296	0
Herbiconiux sp. SALV-R1	0	0	0	5.0868	0	0	0.1093	0	0	0	0	0	0	0	0	0	0	0	0	0	0	0	0	0	0	0	0	0	0	0	0	0	0	0	0	0	0	0	0	0	0	0
Heyndrickxia coagulans	0	193.183	0	0	0	0	0	0	0	0	0	0	0	4.5795	0	0	0	0	0	0	0	0	0	0	0	0	0	0	0	0	0	0	0	0	16.3934	0	0	0	0	0.0988	0	0
Hoylesella buccalis	0	0	0	0	0	0	0	1.6482	0	0	0	0	0	0	0	0.4787	0	0	0	0.1861	0	0	0.602	0	0	0	0	0	0	0	0.8006	0	0	0	0	0	0	0	0	0	0.1099	0.4474
Hungatella hathewayi	0	0	0	0	0	0	0	0	0	0	0	0	0	0	0	0	0	0	0	0	0	0	0	0	0	0	0	0	0	0	1.868	0	0	0	0	0	0	0	0	0	0	3.1319
Hydrogenophaga crocea	0.1565	0	0.1132	0	0	0	0	0	0	0	0	0	0	0	0	0	0	0	0	0	0	0	0	0	0	0.0857	0	0	0	8.1734	0	0	0	0	0	0	0	0.0997	0	0	0	0
Hydrogenophaga sp. PAMC20947	0	0	0	0	0	0	0	0	0	0	0	0	0	0	0	0	0	0	0	0	0	0.2241	0	0	0	0	0	0	0	0	0	0	0	0	0.4314	0	6.3219	0	0	0.0988	0	0
Hydrogenophaga sp. PBC	0	0	0	0	0	0	0	0	0	0	0	0	0	0	0	0	0	0	0	0	0	0	0	0	0	0	0	0	0	0	0	0	0	0	3.0198	0	8.6926	0	0	0	0	0
Hydrogenophaga sp. RAC07	0	0	0.2264	0	0	0	0	0	0	0	0	0	104.833	0	0	0	0	0	0	0	0	0	0	0	0	0	0	0	0	0	0	0	0	0	0	0	0.3951	0	0	0	0	0
Hydrogenophaga taeniospiralis	0	0	0	0	0	0.0941	0	0	0	0	0	0	0.8158	0	0	0	0	0	0	0	0	0	0	0	0	0	0	0	0	0	0	0	0	0	0	0	17.3851	0	0	0	0.2198	0
Hydrogenophilus thermoluteolus	0.1565	0.1183	0.1132	0	0.7065	0.0941	0	0.4945	0	0	0	0	0	0	0	0	0	0	0	0.1861	0	0	0	0.5809	0	0	0	0	0	0	0	0	0	0	0	0	1.1854	0	0	0.0988	0	0
Hylemonella gracilis	0	0	0	0	0	0	0	0	0	4.6476	0	0.1376	0	0	0	0	0	0	0	0	0	0	0	0	0	0	0	0	0	0	0	0	0	0	0.4314	0	0.7902	0	0	0	0	0
Hymenobacter monticola	0	0	0	0	0	0	0	0	0	0	0	0	0	0	0	0	0	0	0	0	0	0	0	0	0	0.0857	0	0	0	0	0	0	0	0	0	0	4.7414	0	0	0	0	0
Hymenobacter nivis	0	0	0	2.5434	0	0	0	0	0	0	0	0	0	0	0	0	0	0	0	0	0	0	0	0	0	0	0	0	0	0	0	0	0	0	0	0	37.9312	0	0	0	0	0
Hymenobacter psoromatis	0	0	0	4.7234	0	0	0	0	0	0	0	0	0	0	0	0	0	0	0	0	0	0	0	0	0	0	0	0	0	0	0	0	0	0	0	0	7.9023	0	0	0	0	0
Hymenobacter qilianensis	0	0	0	0	0	5.7391	0	0	0	0	0	0	0	0	0	0	0	0	0	0	0	0	0	0	0	0	0	0	0	0	0	0	0	0	0	0	0	0	0	0	0	0
Hymenobacter radiodurans	0	0	0	0	0	7.7148	0	0	0	0	0	0	0	0	0	0	0	0	0	0	0	0	0	0	0	0	0	0	0	0	0	0	0	0.1513	0	0	0.3951	0	0	0	0	0
Hymenobacter sedentarius	0	0	0	0	0	0	0	0	0	0	0	0	0	0	0	0	0	0	0	0	0	0	0	0	0	0	0	0	0	0	0	0	0	0	0	0	101.94	0	0	0	0	0
Hymenobacter sp. 5317J-9	0	0	0	0.3633	0	0	0	0	0	0	0	0	0	0	0	0	0	0	0	0	0	0	0	0	0	0	0	0	0	0	0	0	0	0	0	0	52.5505	0	0	0	0	0
Hymenobacter sp. BRD128	0	0	0	0	0	0	0	0	0	0	0	0	0	0	0	0	0	0	0	0	0	0	0	0	0	0	0	0	0	0	0	0	0	0	0	0	8.2974	0	0	0	0	0
Hymenobacter sp. DG01	0	0	0	0	0	0.1882	0	0	0	0	0	0	0	0	0	0.2394	0	0	0	0	0	0	0	0	0	0	0	0	0	0	0	0	0	0	0	0	0	0	0	0	0	0
Hymenobacter sp. HDW8	0	0	0	0	0	2.258	0	0	0	0	0	0	0	0	0	0	0	0	0	0	0	0	0	0	0	0	0	0	0	0	0	0	0	0	0	0	0	0	0	0	0	0
Hymenobacter swuensis	0.313	0	0	0	0	4.3278	0	0	0	0	0	0	0	0	0	0	0	0	0	0	0	0	0	0	0	0	0	0	0	0	0	0	0	0	0	0	0	0	0	0	0	0
Hymenobacter tibetensis	0.1565	0.2366	0	0	0	0	0	0	0	0	0	0	0	0	0	0	0	0	0	0	0	0	0	0	0	0	0	0	0	0	0	0	0	0	0	4.1594	0	0	0	0	0	0
Hymenobacter yonginensis	0	0.7098	0	0	0	5.1746	0	0	0	0	0	0	0	0	0	0	0	0	0	0	0	0	0	0	0	0	0	0	0	0	0	0	0	0	0	0	1.1854	0	0	0	0	0
Hyphomicrobium sp. ghe19	0	0	0.6792	0.3633	0	0	0	0	0	0	0	0	0	0	0	0	0	0	0	0	0	0	0	0	0.401	0	0	0	0	0	0	0	0	0	0	0	0	0	0	0	0	0
Intrasporangium calvum	0.1565	0	0	0	4.4157	0	0	0	0	0	0	0	0	0	0	0.1197	0	0	0	0	0	0	0	0	0	0	0	0	0	0	0	0	0	0	0	0	0	0	0	29.6448	0	0
Janibacter indicus	0	0	0.4528	0	2.8261	0.1882	5.9011	0	0	0	0.2968	0	0	0	0	0.2394	0	0	0	0	0	0	0	0	0	0.257	0.6899	0	0	0	0	9.6776	0.4602	0.1513	0	0.4159	0.3951	0.0997	0	91.4047	0.1099	0.4474
Janibacter limosus	0	0	0.3396	0	0	0	0	0	0	0	0	0	0	0	0	0	0	0	0	0	0	0	0	0	0.0802	0	0	0	0	0	0	0	0	0.1513	0	0	0.3951	0.0997	0	3.9526	0	0
Janibacter melonis	0	0	0	0	0.1766	0	0	0	0	0	0	0	0	0	0	0	0	0	0	0	0	0	0	0	0	0	0	0	0	0	0	0	0	0	0	0.208	0	0	0	96.9384	0	0
Janibacter sp. CX7	0	0.3549	0	0	0	0	0	0	0	0	2.0779	0	0	0	0	0	0	0	0	0	0	0	0	0	0	0	0	0	0	0	0	0	0	0	0	0	0	0	0	0.0988	0.1099	0
Janibacter sp. YB324	0	0	0.1132	0	0	0	0	0	0	0	0.2968	0	0	0	0	0.1197	0	0	0	0	0.2549	0	0	0	0.0802	0	0	0	0	0	0	0	0	0	0	0	0	0	0	0.1976	0	0
Janthinobacterium lividum	2.6603	11.2385	0.3396	2.5434	0.1766	0.2822	0	0	0	0	0	0	0	0	0	0	0	0	0	0	0	0	0.301	0	0	0	0	0	0	0.1758	0	0	0	0.3026	0	0.4159	9.4828	0	0	0.5929	3.4062	0
Janthinobacterium tructae	0.1565	0.2366	0	3.6334	0	0	0	0	0	0	0	0	0	0	0	0	0	0	0	0	0.1274	0	0	0	0	0	0	0	0	0	0	0	0.2301	0	0	0	14.2242	0	0	0.0988	0.4395	0
Jatrophihabitans sp. GAS493	0	0	0	0.3633	0	0	0	0	0	0	0	0	0	0	0	0	0	0	0	0	0	0	0	0.8714	0	0	0	0	0	0	0	0	0	0	0	0	0	0	0	0	0	0
Jatrophihabitans sp. SB3-54	0	0	0	8.3568	0	0	0	0	0	0	0	0	0	0	0	0	0	0	0	0	0	0	0	0.2905	0	0	0	0	0	0	0	0	0	0	0	0	0	12.362	0	0	0	0
Jatrophihabitans telluris	0	0	0	2.5434	0	0	0	0	0	0	0	0	0	0	0	0	0	0	0	0	0	0	0	0	0	0	0.6899	0.1766	0	0	0	0	0	0	0	0	0	0	0	0	0	0
Jeotgalibaca porci	0	967.336	0	0	0	0	0	0	0	0	0	0	0	0	0	0	0	0	0	0	0	0	0	0	0	0	0	0	0	0	0	0	0	0	0	0	0	0	0	0	0	0
Jeotgalicoccus sp. WY2	0	0	0	0	0	0	0	0	0	0	0	0	0	0	0	0	0	0	0	0	0	0	0	0	0	0	0	0	0	0	0	0	0	0	0	0	0	5.7823	0	0.0988	0	0
Kaistella daneshvariae	0	0	0	0	0	2.4462	0	0	0	0	0	0	0	0	0	0	0	0	0	0	0	0	0	0	0	0	0	0	0	0	0	0	0	0	0	0	0	0	0	0	0	0
Kaistella flava (ex Peng et al. 2021)	22.3775	0	0	0	0	6.2095	0	0	0	0	0	0	0	0	0	0	0	0	0	0	0	0	0	0	0	0	0	0	0	0	0	0	0	0	0	0	0	0	0	0	0	0
Kaistella haifensis	5.3205	0	0	0	0	0.3763	0	0	0	0	0	0	0	0	0	0	0	0	0	0	0	0	0	0	0	0	0	0	0	0	0	0	0	0	0	0	0	0	4.3062	0	0	0
Kaistella jeonii	0	0	0	0	0	6.0213	0	0	0	0	0	0	0	0	0	0	0	0	0	0	0	0	0	0	0	0	0	0	0	0	0	0	0	0	0	0	0	0	0	0	0	0
Ketogulonicigenium vulgare	0	0.1183	0	0	0	0	0	0	0	0	0	0	0.4079	0	0	0	0	0	0	0	0	0	0	2.6143	0	0	0	0	0	0	0	0.6913	0	0	0	0	0	0	0	0	0	29.9768
Kineococcus radiotolerans	0	0	0.2264	0	0	0	0.1093	0	0	0	0	0	0	0	0	0	0	0	0	0	0	0	0	1.4524	0	0	0	0	0	0	0	0	0	0	0	0	0	0	0	0	0	0
Klebsiella aerogenes	10.3281	7.4529	0	0	0.1766	0.0941	0	0	0	0	0	0.1376	0	0	0	0	0	0	0	0.1861	0.1274	0.6724	0	0	0	0.5996	0	0	0	0	0	0	0	0	0	1.8717	0	0.0997	0	0	0	0
Klebsiella africana	0	0.1183	0.1132	11.2635	0	0	0.2186	0	1.919	5.9755	0	0	0	0	0	0	0	0	0	0	0	0	0	0	0	0	0	0	9.1695	0.0879	0	0.6913	0	0	0	0.208	0	0	0	0	0	0
Klebsiella grimontii	9.0762	0.1183	0	0	0	0	0	0	0	0	0.2968	0	0	0	0	0	0	0	0	0.3721	0	0	0	0	0	0	0	0	0	0	0	0	0	0	0	0	0	0	0	0	0	0
Klebsiella huaxiensis	0.313	0.1183	0	0	0	2.6343	0	0	0	0	0	0	0	0	0	0	0	0	0	0	0	0	0	0	0	0	0	0	0	0	0	0	0	0.1513	0	0	0	0	0	0	0	0
Klebsiella michiganensis	9.5456	1.183	0	0	0	0.1882	0.1093	0	0	0	0	0	0	0	0	0	0	0	0	17.4909	0	0	0	0	0	0.7709	0	0	0	0.2637	0	0	0	0	0	0	0	0.4985	0	0	0.4395	0.1491
Klebsiella oxytoca	4.5381	1.7745	0.1132	0	0	0	0.1093	0	0	0	0	0	0	0	0	0	0	0	0	6.6986	0	0	0	0	0	0.1713	0	0.1766	0	0	0	0	0	0.1513	0	0.208	0	0.8972	0	0.0988	0.2198	0.1491
Klebsiella pneumoniae	127.223	190.462	9.9612	6.1768	2.2962	3.387	7.7588	3.9556	1.2793	1.9918	2.0779	0.5505	0.4079	0.4293	0.8074	0.718	0	0	0	12.4669	2.5487	0.4482	0.301	1.4524	0.5614	10.621	3.4494	2.4721	9.1695	9.9311	0.2669	5.5301	5.9831	7.7159	0	21.0048	1.1854	137.578	0	1.087	8.0211	17.8966
Klebsiella quasipneumoniae	23.9423	3.6673	0.4528	0	0.1766	0	0.2186	0.1648	0	0	0	0	0	0	0	0	0	0	0	0.5582	0.1274	0	0	0.2905	0.3208	0.5139	2.0696	0	0	0.2637	0	0	0	0.1513	0	2.0797	0	0.0997	0	0.0988	0.2198	0.5966
Klebsiella variicola	56.9609	62.9354	0.1132	0	0.1766	0.2822	10.2722	0.1648	0	0	0.2968	0.1376	0	0	0	0.359	0	0	0	0.5582	6.2443	0	0	0	0.9624	0.5139	0	0	0	17.753	0	0	0	0.1513	0	0	0	0	0	0	0.2198	0
Kluyvera genomosp. 3	53.8312	0	0	0	0	0	0	0	0	0	0	0	0	0	0	0	0	0	0	0	0	0	0	0	0	0	0	0	0	0	0	0	0	0	0	0	0	0	0	0	0	0
Kluyvera intermedia	2840.38	0.1183	0	0.7267	0	0.0941	0	0	0	0	0	0	0	0	0	0	0	0	0	1.3025	0	0	0	0	0	0.3426	0	0	0	0	0	0.6913	0	0	0	0	0	0	0	0	0	0
Kocuria palustris	0	0	2.3771	0	0	0	0	0.3296	0	0	0.2968	0	0	0	0	0.2394	0	0	0	0	0	0	0	0	0	0.0857	0	0	0	2.9002	0	0	0	0.3026	0	0.4159	0	0	0	0.0988	0	0.1491
Kocuria rhizophila	0.9389	1.4196	16.5266	0	0	0.6586	41.7445	0.1648	1.2793	0	3.5622	0.1376	0	0	0	0	0	0	0	0	0	0	0	0	0	0	0	330.031	0	10.3706	0	0	0	0.3026	0	0.6239	0	0.1994	0.3589	0.3953	19.0089	12.975
Kocuria rosea	1.0954	0	0.566	0	0	0	0	0	0	0	0	0	0	0	0	0	0	0	0	0	0	0	0	0	0	0.1713	0	0.8829	0	0.2637	0	0	0	0	0	0	0	0	0	0.0988	0	0
Kocuria sp. ChxB	0	0	1.9243	0	0	0	0.1093	0	0	0	0	0	0	0	0	0	0	0	0	0	0	0	0	0.2905	0	0.1713	0	55.4466	0	0	0	0	0	0	0	0.208	0	0	0	0.0988	0	0.1491
Kocuria varians	0	0	0.1132	0	0	0	0	0	0	0	0	0	0	0	0	0	0	0	0	0	0	0	0	0	0	0	0	0	0	0	0	0	0	0	0	0	0	0	0	0	14.6138	0
Kordiimonas sp. SCSIO 12603	0	0	0	0	0	0	0	0	0	0	0	0	0	0	0	0	0	0	0	0	0	0	0	0	0	0	1.3798	0	0	0	0	0	0	0	0	0	0	0	0	0	0	0
Kosakonia cowanii	6.8854	1.4196	0	0	0	0	0	0	0	0	0	0	0	0	0	0	0	0	0	0	0	0	0	0	0	0.0857	2.7595	0	0	0	0	0	0	0	0	0	0	0	0.1196	0	0	0
Kosakonia radicincitans	0.6259	0.8281	0	0	0	0	0	0	0	0	0	0	0	0	0	0	0	0	0	0	0	0	0	0	0	0.0857	0	0	0	0.3515	0	0	0	0	0	0	0	0	0	0	0	0
Kurthia sp. YJT4	0	1.4196	0	0	10.0679	0	0	0	0	0	0	0	0	0	0	0	0	0	0	0	0	0	0	0	0	0	0	0	0	0	0	0	0	0	0	0	0	0	0	12.2532	0	0
Kytococcus sedentarius	19.7172	0	0.2264	0	0	0	0.2186	0	0	0	0	0	0	0	0	0	0	0	0	0	0	0	0	0	0	0.5996	0	0.1766	0	0.1758	36.5589	0	0	0.4539	0	0	0	0.1994	0	0.6917	5.4939	0
Labilithrix luteola	0.1565	0	0	0	0	0.5645	0	0.1648	0	0	0	9.358	0	0	0	0	0	0	0	0	0	0	0	0	0	0	0	0	0	0	0	0	0	0	0	0	0	0	0	0	0	3.5793
Lachnoanaerobaculum umeaense	0	0	0	0	0	0	0	0	0	0	0	0	0	0	0	0	0	0	0	0	0	0	0	0	0	0	0	0	0	0	0	0	0	0	0	0	0	5.3835	0	0	0	0
Lacibacter sediminis	0	0	0	0	0	31.3296	0	0	0	0	0	0	0	0	0	0	0	0	0	0	0	0	0	0	0	0	0	0	0	0	0	0	0	0	0	0	0	0	0	0	0	0
Lacticaseibacillus paracasei	0	25.0795	0	0	0	0	0	0	0	0.6639	0	0	0	0	0	0	0	0	0	0	0	0	0	0	0.401	0	0	0	0	0	0	0	0	0	0	0	0	0	0.9569	0	0	0
Lactiplantibacillus plantarum	0	371.934	0	0	0	0	0	0	0	0.6639	0	0	0	0	0	0	0	0	0	0	0.5097	0	0	0	0	0	0	0	0	0	0	0	0.2301	0	0	0	0	0	0.1196	0	0.1099	0
Lactobacillus amylovorus	0	2.2477	0	0	0	0	0	0	0	0	0	0	0	0	0	0	0	0	0	0	0	0	0	0	0	0	0	0	0	0	0	2.0738	0.6904	0	0	0.6239	0	0	0	0.6917	0	0
Lactobacillus crispatus	0.313	51.6969	0	0	0	0	0	0	0.6397	17.9264	0	0	0.4079	22.7545	0	0	0	0	0	0	0	0	0	0	0.4812	0	0	0	0	0	0	1.3825	1.6108	0	0	34.3147	0	0	0	10.9686	0	0
Lactobacillus delbrueckii	0	67.5491	0.1132	0	1.0598	0	0	0	0	0	0	0.1376	0	0	0	0	0	0	0	0	0	0	0	0	0	0	0	0	0	0	0	0	0	0	0	0	0	0	2.0335	0	0	0
Lactobacillus gasseri	0	1.0647	0	0	0	0	0	0	0	0	0	8.3946	0	0	0	0	0	0	0	0	0	0	0	0	0	0	0	0	0	0	0	0	0	0	0	0.208	7.1121	0	0	0	0	0.5966
Lactobacillus helveticus	0	6.6248	0	0	0	0	0	0	0	0	0	0	0	0	0	0	0	0	0	0	0	0	0	0	0.0802	0	1.3798	0	0	0	0	0	2.7614	0	0	3.5355	0	0	0	1.6799	0	0
Lactobacillus iners	0	0.1183	0.3396	0	0	0	0	0	0	0	0.2968	0	0	0	0	0	0	0	0	0	0	0	0.602	0	0	0	0	0	0	0	0	0	0	0	3.0198	0	0	0	0.1196	0	0	0.1491
Lactobacillus jensenii	0	0.1183	0	0	0	0	0	0	0	0	0	0	0	0	0	0	0	0	0	0	0	0	0	0	0	0	0	0	0	0	0	0	15.648	0	0	0	0	0	0	0	0	0
Lactobacillus sp. 3B(2020)	0	247.01	0	0	0	0	0	0	0	0	0	0	0	0	0	0	0	0	0	0	0	0	0	0	0	0	0	0	0	0	0	0	0	0	0	0	0	0	0	0	0	0
Lactobacillus sp. CBA3605	0	249.494	0	0	0	0	0	0	0	0	0	0	0	0	0	0	0	0	0	0	0	0	0	0	0	0	0	0	0	0	0	0	0	0	0	0	0	0	0	0	0	0
Lactobacillus sp. ESL0785	0	0	0	0	0	0	0	0	0	0	0	0	0	0	0	0	0	0	0	0	0	0	0	0	0	0	0	0	0	0	0.8006	0	0	0	0	0	0	0	0	0	0	0
Lactococcus lactis	0	0.3549	0	0	0	0	0	0.1648	0	0	0	0	0	0	0	0	0	0	0	0.3721	0	0	0	0	0	0	0	0	0	0	0	0	0	0	0	0	0	0.1994	0.8373	0	0.4395	0
Latilactobacillus curvatus	3.9122	1.5379	0	0	0	0	0	0	0	0	0	0	0	0	0	0	0	0	0	0	0.5097	0	0	0	0.1604	0	0	0	0	0	0	0	0	0	0	0	0	0	0	0	0	0
Latilactobacillus sakei	65.0981	2.9575	0	0	0	0	0	0	0	0	0	0	0	0	0	0	0	0	0	0	1.4018	0	0	0	0.1604	0	0	0	0	0	0	0	0	0	0	0	0	0	0.3589	0	0.1099	0
Lawsonella clevelandensis	3.7557	1.6562	2.8299	2.18	94.1433	0	0	0	0	2.6558	0	0	0	1.8604	0	2.9919	0.0929	0	0	0	0	2.6895	0.9029	0.2905	2.5665	0	0	0	0	3.7791	0	1.3825	0	0	0	0	18.1754	119.832	0	1222.65	151.632	1.1931
Lawsonibacter asaccharolyticus	0	0	0	0	0	0	0	0	0	0	0	0	0	0	0	0	0	0	0	0	0	0	0	0	0	0	0	0	0	0	0.2669	2.0738	0	0	0	0	0	0	0	0	0	0
Leclercia adecarboxylata	12.8318	0.9464	0.1132	0.3633	0	0	0.1093	0	0	7.9673	0	0	0	0.1431	0	0	0	0	0	0	0	0	0	0	0	0	0	0	0	0.3515	0	0	0.2301	0	0	2.9116	0	0.0997	0	0.0988	0	0.1491
Leclercia pneumoniae	0	0.1183	0	0	0	0	1.6392	0	0	0	0	0	0	0	0	0	0	0	0	0	0	0	0	0	0	0	0	0	0	0	0	0	0	0	0	0	0	0.1994	0	0	0.1099	0
Leisingera caerulea	4.3816	0	0	0	0	0	0.3278	0	0	0	0	0	0	0	0	0.1197	0	0	0	0	0	0	0	0	0	0	0	0	0	0	0	0	0	0	0	0	0	0	0	0	0	0
Lelliottia amnigena	13.4578	0	0	1.4534	0	0	0	0	0	0	0	0	0	0	0	0	0	0	0	0	0	0	0	0	0	0.0857	0	0	0	0	0	0	0	0	0	0	42.6726	0	0	0	0	0
Lentilactobacillus buchneri	0	20.8207	0	0	0	0	0	0	0	0	0	0	0	0	0	0	0	0	0	0	0	0	0	0	0	0	0	0	0	0	0	0	0	0	0	0	0	0	0	0	0	0
Leptolyngbya sp. 15MV	0	0	0	0	0	0	0	0	0	0	0	0	0	3.0053	0	0	0	0	0	0	0	0	0	0	0	0	1.3798	0	0	0	0	0	0	0	0	0	0	0	0	0	0	0
Leptotrichia hofstadii	0	0	0	0	0	0	0	0	0	0	0	0	0	0	0	0	0	0	0	0	0	0	0	0	0	0	2.0696	0	0	0	0	0	0	0	0	0	0	0	0	0	0	0
Leptotrichia hongkongensis	0	0	0	0	0	0	0	0	0	0	0	0	0	0	0	0	0	0	0	0	0	0	0	0	0	0	2.0696	0	0	0	0	0	0	0	0	0	0	0	0	0	0	0
Leptotrichia sp. oral taxon 218	0	0	0	0	0	0	0	0	0	0	0	0	0	0	0	0	0.0929	0	0	0	0	0	0	0	0	0	0	0	0	0	0	0	0	0	0	0	0	0	0	0	0	0
Leptotrichia trevisanii	0	0	0	0	0	0	2.0763	0	0	0	0	0	0	0	0	0	0	0	0	0	0	0	0	0	0	0	0	0	0	0	0	0	0	0	0	0	0	0	0	0	0	0
Leptotrichia wadei	0	0	0	0	0	0	0	0	0	0	0	0	0	0	0	0	0.0929	0	0	0	0	0	0	0	0	0	0	0	0	0	0	0	0	0	0	0	0	0	0	0	0	0
Leucobacter denitrificans	0	0	0	0	0	0	0	0	0	0	0	0	0	0	0	0	0	0	0	0	1.0195	0	0	0	0	0	0	0	0	0	0	0	0	0	0	0	0	0	0	0	0.1099	0
Leuconostoc citreum	2.1908	0.4732	0.7924	0	0	11.9485	0	0.1648	0	0	0	0	0	0	0	0	0	0	0	0	0	0	0	0	0	0.0857	0	0	0	0	0	0	0	0	0	0	0	0	0	0	0.1099	0
Leuconostoc gasicomitatum	6.5724	0.2366	1.4716	0	0	2.3521	0	0.1648	0	0	0	0	0.8158	0.1431	0.4037	0	0.0929	0	0	0	0	0	0	0	0	2.7409	15.8672	0	0	0	0	0.6913	0	0	0	0	0.3951	0	0	0	0	0
Leuconostoc gelidum	5.79	3.7856	24.3371	1.4534	0.1766	3.7633	0	6.0983	13.4329	0	0	0	17.9481	0	2.4222	0	0	0	0	1.3025	0.2549	0	0.9029	0	0	4.197	4.1393	0	0	0	0	0.6913	0	0	0	0.6239	1.1854	0.0997	0	0	0.1099	0
Leuconostoc mesenteroides	93.8915	14.0777	4.0751	0.3633	0	3.0107	0	1.6482	4.4776	1.3279	0	0	0	0	0	0	0	0	0	0	0.3823	0	0	0	0	1.8844	0	0	0	0	0	1.3825	0	0	0	0.8319	1.9756	0.3988	0.8373	0.1976	4.0655	0
Leuconostoc suionicum	88.258	0	0	0	0	0	0	0	0	0	0	0	0	0	0	0	0	0	0	0	0	0	0	0	0	0	0	0	0	0	0	0	0	0	0	0	0	0	0	0	0	0
Levilactobacillus brevis	0	19.9926	0	0	0	0	0	0	0	0	0	0	0	0	0	0	0	0	0	0	0	0	0	0	0	0	0	0	0	0	0	0	0	0	0	0	0	0	0	0	0	0
Levilactobacillus suantsaii	0	289.952	0	0	0	0	0	0	0	0	0	0	0	0	0	0	0	0	0	0	0	0	0	0	0	0	0	0	0	0	0	0	0	0	0	0	0	0	0	0	0	0
Liberibacter crescens	0	0	0	0	0	0	0	0	0	0	0	0	0	0	0	0	0	0	0	0	0	0	0	0	0.802	0	0	0	0	0	0	0	0	0	0	0	0	0	0	0	0	0
Ligilactobacillus salivarius	0	87.5417	0.1132	0	0	0	0	0	0	0	0	0	0	0	0	0	0	0	0	0	0	0	0	0	0.2406	0	0	0	0	0	0	0	0	0	0	0	0	0	0.4785	0	0	0
Limnoglobus roseus	0	0	0	0	0	0	0	0	0	0	0	1.789	0	0	0	0	0	0	0	0	0	0	0	0	0	0	0	0	0	0	0	0	0	0	0	0	0	0	0	0	0	0
Limnohabitans sp. 2KL-7	0	0	0	0	0	0	0	0	0	0	0	0	0	0	0	0	0	0	0	0	0	0	0	0	0	0	0	0	0	0	0	0	0	0	0	0	0	5.3835	0	0	0	0
Limnospira fusiformis	0	0	0	0	0	0	0	0	0	0	0	0	0	0	0	0	0	0	0	0	0	0	0	0	0	0	0	0	0	0	0	26.9591	0	0	0	0	0	0	0	0	0	0
Limnospira indica	0	0	0	0	0	0	0	0	0	0	0	0	0	0	0	0	0	0	0	0	0	0	0	0	0	0	0	0	0	0	0	6.2213	0	0	0	0	0	0	0	0	0	0
Limosilactobacillus fermentum	0	125429	0	0	0.1766	0	0	0	0.6397	0	0	0.1376	0	0.1431	0	0	0.0929	0	0	0	0	0	0	0.2905	0	0	0	0	0	0	0	0	0.9205	0.1513	0	0.208	0.7902	0	0	0	0	0.1491
Limosilactobacillus mucosae	0	56.7838	0	0	0	0	0	0	0	0	0	0	0	0	0	0	0	0	0	0	0	0	0	0	0	0	0	0	0	0	0	0	0	0	0	0	0	0	0	0	0	0
Limosilactobacillus oris	0	560.74	0	0	0.5299	0	0	0	0	0	0	0	0	0	0	0	0	0	0	0	0	0	0	0	0	0	0	0	0	0	0	0	0	0	0	0	0	0	0	0	0	0
Limosilactobacillus pontis	0	12.8947	0	0	0	0	0	0	0	0	0	0	0	0	0	0	0	0	0	0	0	0	0	0	0	0	0	0	0	0	0	0	0	0	0	0	0	0	0	0	0	0
Limosilactobacillus reuteri	0.4695	213.176	0	0	0	0	0	0	0	0	0	0	0	0	0	0	0	0	0	0	0	0	0.301	0	0.0802	0	0	0	0	0	0	0	0	0	0	0	0	0.1994	0.4785	0	0	0
Limosilactobacillus vaginalis	0	700.097	0	0	0	0	0	0	0	0	0	0	0	0	0	0	0	0	0	0	0	0	0	0	0	0	0	0	0	0	0	0	0	0	0	0	0	0	0	0	0	0
Listeria innocua	0	30.9945	0	0	0	0	0	0	0	0	0	0	0	0	0	0	0	0	0	0	0	0	0	0	0	0	0	0	0	0	0	0	0	0	0	0	0	0	0	0	0	0
Listeria monocytogenes	0	26316.3	0.1132	0	0.3533	0	0	0	0	0	0	0	0	0	0	0	0.0929	0	0	0	0.1274	0	0	0	0	0	0	0	0	0	0.2669	0	0	0	0	0.208	0	0	0	0	0.2198	0
Listeria seeligeri	0	123.86	0	0	0	0	0	0	0	0	0	0	0	0	0	0	0	0	0	0	0	0	0	0	0	0	0	0	0	0	0	0	0	0	0	0	0	0	0	0	0	0
Listeria sp. PSOL-1	0	44.244	0	0	0	0	0	0	0	0	0	0	0	0	0	0	0	0	0	0	0	0	0	0	0	0	0	0	0	0	0	0	0	0	0	0	0	0	0	0	0	0
Luteimicrobium xylanilyticum	0	0	0	0	0	0	0	0	0	0	0	0	0	0	0	0	0	0	0	0	3.0585	0.2241	0	0	0	0	0	0	0	0	0	0	3.2217	0	0	0	0	0	0	0	0	0
Luteolibacter luteus	0	0	0	0	0	0	0	0	0	0	0	0	0	0	0	0	0	0	0	0	0	0	0	0	0	0	0	0	0	0	0	0	0	0	0	0	13.434	0	0	0	0	0
Lysinibacillus sp. 2017	0	0.5915	0	0	0	0	10.7093	0	0	0	0	0	0	0	0	0	0	0	0	0	0	0	0	0	0	0	0	0	0	0	0	0	0	0	0	0	0	0	0	0	0.3296	0
Lysinibacillus sphaericus	0	4.1405	0	0	0	0	1.3114	0	0	0	0	0	0	0	0	0	0	0	0	0	0	0	0	0	0	0	0	0	0	0	0	0	0	0	0	0	0	0	0.1196	2.8657	0	0
Lysobacter maris	0	0	2.3771	1.4534	0	0	0	0	0	0	0	0	0	0	0	0	0	0	0	0	0	0	0	0	0	0	0	0.7063	0	0	0	0	0	0	0	0	0	0	0	0	0	0.1491
Mammaliicoccus sciuri	0	3.0758	0.1132	0	0	0	0.1093	0	0	0	0	0	0	0	0	0	0	0	0	0	0	0	0	0	0	0	0	0	0	0	0	0	0	0	0	0	0	0	0.5981	0	0	0
Mannheimia haemolytica	46.1633	0	0	0	0	0	0	0	0	0	0	0	0	0	0	0	0	0	0	0	0	0	0	0	0	0.5996	0	0	0	0.4394	0	19.3553	0	0	0	0	0	0	0	3.2609	0	0
Marinilactibacillus sp. 15R	0	41.1683	0	0	0	0	0	0	0	0	0	0	0	0	0	0	0	0	0	0	0	0	0	0	0	0	0	0	0	0	0	0	0	0	0	0	0	0	0	0	0	0
Marisediminicola antarctica	0	0	0	0	0	0	0	0	0	0	0	0	0	0	0	0	0	0	0	0	0	0	0	0	0.8822	0	0	0	0	0	0	0	0	0	0.4314	0	0.7902	0	0	0	0	0
Marivivens sp. JLT3646	0	0	0	0	0	0	0	0	0	0	0	0	0	0	0	0	0	0	0	0	0	0	0	0	0	0	0	1.4127	0	0	0	0	0	0	0	0	0	0	0	0	0	0
Marivivens sp. LCG002	0	0	0	0	0	0	0	0	0	0	0	0	0	0	0	0	0	0	0	0	0	0	0	0	0	0	0	1.4127	0	0	0	0	0	0	0	0	0	0	0	0	0	0
Massilia forsythiae	0	0.4732	0.1132	0	0	0	0	0.1648	0	0	0	0	0	0	0	0	0	0	0	0	0	0	0	0	0	3.2548	0	0	0	0	0	0	0.2301	0	0	0	0	0	0	0	0.7691	0
Massilia oculi	0.1565	3.6673	0.2264	0.3633	0	0	0	0	0	0	0	0	0	0	0	0	0	0	0	0	0	0	0.602	0	0	0	0	0	0	0	0	0	0	0	0	0	0	0	0.2392	0	3.5161	0.2983
Massilia putida	0	0.1183	0	2.18	0	0	0	0	0	0	0	0	0	0	0	0	0	0	0	0	0	0	0	0	0	0.7709	0	0	0	0	0	0	0	0	0	0	0	0	0	0.0988	0.3296	0
Massilia sp. Dwa41.01b	0.6259	1.6562	0	3.2701	0	0	0	0	0	0	0	0	0	0	0	0	0	0	0	0	0	0	0	0	0	2.9122	0	0	0	0	0	0	0	0	0	0	0.3951	0	0	0	0	0
Massilia sp. H6	3.5992	11.9483	0.3396	5.8134	0	0	0	0	0	0	0	0	0	0	0	0	0	0	0	0	0	0	0.301	0	0	0.257	0	0.7063	0	0	0	0	0	0	0.4314	0	0.7902	0	0	3.1621	0.9889	0
Massilia sp. NP310	1.2519	0.4732	0.3396	9.0835	0	0	0	0	0	0	0	0	0	0	0	0	0	0	0	0	0	0	20.7678	0	0	0	0	0	0	0	0	0	0	0	0	0	0.3951	0	0	97.2349	0.3296	0
Massilia sp. Se16.2.3	0.313	0.5915	0	0.7267	0	0	0	0	0	0	0	0	0.4079	0	0	0	0	0	0	0	0	0.2241	0	0	0	0.0857	0	0	0	0	0	0	0	0	0	0	0.3951	0	0	0	0	0
Massilia sp. UMI-21	0	0.5915	0	0	0	0	0	0	0	0	0	0	0	0	0	0	0	0	0	0	0	0.4482	0	0	0	0.4283	0	0	0	0	0	0	0	0.9078	0	0	0.3951	0	0	0.0988	0.4395	0
Massilia sp. WG5	0.1565	5.915	0	12.7169	0	0.1882	0	0	0	0	0	0	6.9345	0	0	0	0	0	0	0	0	0	0	0.5809	0	0	0	0	0	0	0	0	0	0	0	0	3.1609	0	0	0	0.4395	0
Massilia varians	0	0	0	5.4501	0	0	0	0	0	0	0	0	0	0	0	0	0	0	0	0	0	0	0	0	0	0	0	0	0	0	0	0	0	0	0	0	0.3951	0	0	0	0.7691	0
Melaminivora jejuensis	0	0	0	0	0	0	0	0	0	1.9918	0	0.1376	0	0	0	0	0	0	0	0	0	0.4482	0	0	0	0	0.6899	0	0	0	0	0	0	0	0	0	0	0	0	0	0	0
Mesomycoplasma molare	0	0	0	0	0	0	0	0	0	0	0	0	0	0	0	0	0	0	0	0	0	0	0	0	0	0	0	0	0	0	0	0	0	0	0	11.0223	0	0	0	0	0	0
Mesorhizobium ciceri	0	0	0	0	0	0	22.6207	10.7132	0	0	0.2968	0	0	0	0	0	0	0	0	0	0	0	0	0	0	0	0	0	0	0	0	0	0	0	0	0	0	0	0	0	0	0
Mesorhizobium opportunistum	0	0	0	0	0	0	0	0	0	0	0	0	0	0	0	0	0	0	0	0	0	0	0	0	0	0	0	0	0	0	0	0	0	0	0	0	0	0	0	0	4.6149	0
Mesorhizobium sp. AR10	0	0	0	0	0	0	0	0	0	0	0	0	0	0	0	0	0	0	0	0	0	0	0	0	0	0	1.3798	0	0	0.0879	0	0	0	0	0	0	0	0	0	0	0	0
Mesorhizobium sp. M4B.F.Ca.ET.058.02.1.1	0	0	0	0	0	0	0	0	0	0	0	0	0	0	0	0	0	0	0	0	0	0	0	0	0	0	0	0	0	0	0	0	0	0	0	0	0	0	0	0	5.4939	0
Mesorhizobium sp. Pch-S	0.7824	0	3.0563	0.7267	339.834	0	1.6392	2.1426	3.1983	8.6312	0.2968	0.9633	3.6712	1.0018	0.8074	0	0	0	0	0	0.2549	0	0.301	3.1952	0.8822	2.0557	4.8291	0	0	0.8789	0.8006	0	0.6904	3.4797	0	2.2877	0.3951	0	0.1196	2.668	3.7359	1.1931
Mesorhizobium terrae	0	0	0.3396	0.7267	0	0.0941	0.2186	0	0	0	0	0.5505	0	0.1431	0.2019	0	0	0	0	0	0	0	0	0	0	0.1713	0	0	0	0.3515	0	0	0	0	0	0	0	0.0997	0	17.194	0.1099	0
Metamycoplasma hominis	0	0	0	0	0	0	0	0	0	0	0	0	0	0	0	0	0	0	0	0	0	0	0	0	0	0	0	0	0	0	0	0	0	0	0	0	0	0	5.3828	0	0	24.1604
Methylobacter sp. YRD-M1	0	0	0	0	0	0	13.7691	0	0	0	0	0	0	0	0	0	0	0	0	0	0	0	0	0	0	0	0	0	0	0	0	0	0	0	0	0	0	0	0	0	0	0
Methylobacterium bullatum	0.6259	0	0	84.2946	0	0	0	8.9002	0	30.5413	0.2968	2.3395	0	0	0.2019	0	0.1858	0	0	0	0	9.4132	0	0	2.7269	0	0	0	0	0.0879	0	6.9126	0.2301	0.4539	0	0	0	0.0997	0	1.2846	0	0
Methylobacterium durans	0	0	0	0	0	0.0941	0	0	0	0	0	0	0	0	0.2019	0	0	0	0	0	0	0	0	0	0	0	0	0	0	0	0	0	0	0	0	0	0	0	0	0	0	0
Methylobacterium mesophilicum	0	0	0	0	0	0	0	0	0	0	0	0	0	0	0	0	0	0	0	0	0	0	0	0	0	0	0	0	0	0	0	0	0	2.572	0	0	0	0	0	0	0	0
Methylobacterium oryzae	0	0	0.1132	0	0	0	0	0.1648	0	0	0	2.2019	0	0	0	0	0	0	0	0	0	0	0	0	0	0	0	0.3532	0	0	0	0	0	0	0	0	0	0	0	0	10.9878	0
Methylobacterium phyllosphaerae	0	0	0	0	0	0	0	0	0	0	0	11.147	0	0	0	0	0	0	0	0	0	0	0	0	0.0802	0	0	0	0	0	0	0	0	0	0	0.208	0	0	0	0	0	0
Methylobacterium radiotolerans	0	0	0	5.0868	0.3533	0.1882	0.4371	0.3296	0	1.9918	0	1.1009	0.4079	0	0.4037	0	0	0	0	0	0	0	0	0	0.1604	0.3426	0	0	2.2924	0	0.2669	0	0	4.8414	0	0.8319	22.1265	0	0	0.0988	0.3296	0.2983
Methylobacterium sp. C1	0	0	0	0	0	0	0	0.1648	0	0	0	0.9633	0	0.1431	0	0	0	0	0	0	0	0	0	0	0	0	0	0	0	0	0	0	0	0	0	0.6239	0.3951	0	0	0	0	0
Methylobacterium sp. FF17	0	0	2.0375	9.4468	0	0.2822	0	0	0	0	0	0	0	0	0	0	0	0	0	0	0	0	0.301	0	0.6416	0.1713	0	0	0	0	0.2669	0	0	0	0	0	0	0	0	0	0	0
Methylobacterium sp. OTU13CASTA1	0	0	0.2264	4.3601	0	0	0	0.6593	0	0	0	1.5138	0	0	0	0	0	0	0	0	0	0	0.301	0.2905	0.1604	0	0	0	0	0	0	0	0	0	0	0	0	0	0	0.6917	0.1099	0.1491
Methyloceanibacter sp. wino2	0	0	0	0	0	0	0	0	0	0	0	0	0	0	0	0	0.0929	0	0	0	0	0	0	0	0	0	0	0	0	0	0	0	0	0	0	0	0	0	0	0	0	0
Methylomonas denitrificans	0	0	0	0.3633	3.5326	0.3763	7.431	71.0366	3.838	0	2.3748	0	0	0.2862	0	0	0	0	0	0.1861	1.1469	0	0	13.0713	0	5.7388	0	0	0	0	0.8006	23.5028	0	28.4429	0	0.208	0	1.8942	0	0	4.0655	0
Methylomonas koyamae	0.313	0.2366	0	0	0	0.2822	0	0.8241	0	0	0.5937	0	0	0	0	0	0	0	0	0	0	0	0	0	4.0903	0	0	0	0	0	0	0	0	0.3026	0	0	0	0	0	0	0	0
Methylomonas methanica	0	0	0	0	0	0.3763	0.4371	0	0	0	0.8905	0	0	0	0	0	0	0	0	0	1.0195	0	0	0	6.5766	0.0857	0	0	0	0	0	0	0	0	0	0	0	0.0997	0	0	0.3296	0
Methylomonas montana	0.7824	0	0	0	0	0.5645	0.2186	0	0	0	0.5937	0.2752	0	0	0	0	0	0	0	0	0.5097	0	0	0	0.1604	0	0	0	0	0	0	2.765	0	13.0111	0	0	0	2.1933	0	0	0	0
Methylomonas paludis	0	0	0	0	0	0	0	0	0	0	0	0	0	0	0	0	0	0	0	0	0	0	0	0	1.7645	0	0	0	0	0	0	0	0	0	0	0	0	0	0	0	0	0
Methylomonas rapida	0	0	0	0	0	0	0	0	0	0	0	0	0	0	0	0	0	0	0	0	0	0	0	0	0.8822	0	0	0	0	0	0	0	0.2301	0.7565	0	0	0	0	0	0	0	0
Methylomonas sp. DH-1	0	0	0	0	0	0.1882	0	0.1648	0	0	0	0	0	0	0	0	0	0	0	0	0	0	0	0	0.7218	0	0	0	0	0	0	0	0	0	0	0	0	0	0	0	0	0
Methylomonas sp. EFPC1	0.1565	0	0	0	0	0.0941	0.6557	1.9778	0	0	3.859	0	0	0	0	0	0	0	0	0	0.6372	0	0	0	1.3634	0	0	0	0	0	0	0	0	5.2952	0	0	0	10.0691	0	0	0.7691	0
Methylomonas sp. EFPC3	0	0	0	0	0	0	0	0	0	0	0.5937	0	0	0	0	0	0	0	0	0	0	0	0	0	0.4812	0	0	0	2.2924	0	0	0	0	0	0	0	0	0	0	0	0	0
Methylomonas sp. LL1	0	0	0	0	0	0	0	0	0	0	0	0	0	0	0	0	0	0	0	0	2.6762	0	0	0	5.133	0	0	0	0	0	0	0	0	0	0	0	0	0	0	0	0.1099	0
Methylomonas sp. LW13	0	0	0	0	0	12.8894	1.0928	12.1965	1.2793	0	9.796	0	0	0	0	0	0	0	0	0	0.6372	0	0	1.1619	0.2406	0	0	0	0	0	0	0.6913	0	0	0	5.6151	0	0.5982	0	0	0.3296	0.1491
Methylophilus medardicus	0	0	0	0	0	0	0	0	0	0	0	0	0	0	0	3.4706	0	0	0	0	0	0	0	0	0	0	0	0	2.2924	0	0	0	0	0	0	0	0.7902	0	0	0	0	0
Methylophilus sp. TWE2	0	0	0	0	0	0	0	0	0	0	0	0	0	0	0	2.9919	0	0	0	0	0	0	0	0	0	0	0	0	2.2924	0	0	0	0	0	0	0	1.1854	0	0	0	0	0
Methylorubrum extorquens	0.4695	0	0	0.7267	0	0	0.3278	0.4945	0	0	0	0.1376	0.8158	0	0.4037	0	0	0	0	0	0	0.2241	0.602	0	0.1604	0.3426	0	0	0	0	0	0	0.2301	170.506	0	15.8056	7.1121	0.0997	0	0	0.5494	0.2983
Methylotenera mobilis	0	0	0	0	0	0	0	0	0	0	0	0	0	0	0	0	0	0	0	0	0	0	0	0	1.3634	0	0	0	0	0	0	0	0	0	0	0	0	0	0	0	0	0
Methylotenera versatilis	0.313	0	0	0	0.1766	0	0	0	0	0	0	0	0	0	0	0	0	0	0	0	0	0	0	4.3571	4.4913	0	0	0	0	0.0879	0	0	0	0	0	0	0	0	0	0	0	0
Methylovorus glucosotrophus	0	0	0.1132	0	0.3533	0	0	0	0	0	0	0	0	0	0	0	0	0	0	0	0	0	0	3.1952	0	0	0	0	0	0	0	0	0	0	0	0	0	0	0	0	0	0
Microbacterium aurum	0	0	0	0	0	0	0	1.1537	0	0	0.2968	0	0	0	0	0	0	0	0	0	0	0	0	0	0	0	0	0	0	0	0	0	0	0.1513	0	0	0	0	0	0	0	0
Microbacterium foliorum	1.5649	2.0111	0.1132	0.7267	0	0	0	0	0	0	1.4842	0	0	0	0	0	0	0	0	0	0	0	0	0	0	0	0	0	0	0	0	0	0	0	0	0	0	0	0	0	0.1099	0
Microbacterium hominis	0.4695	0.5915	0	1.4534	0	0	0	0	0	0	0	0	0	0	0	0	0	0	0	0	0.6372	0.2241	0	0	0	0.257	21.3862	0	0	0	0	0	0	0	0	0	0.3951	0	0	0.3953	0	0.1491
Microbacterium lemovicicum	0.1565	0	0	0	0	0	0	0	0	0	0	0	0	0	0	0	0	0	0	0	3.3133	0	0	0	0	0.1713	0	0	0	0	0	0	0	0	0	0	0	0	0	0	0	0
Microbacterium lushaniae	0.6259	0	0	0.7267	0	0	0	0	0	0	0	0	0	0	0	0	0	0	0	0	0	0	0	0	0	0	0	0	0	0	0	0	0	0	0	0	0	0	0	0	7.252	0
Microbacterium oleivorans	0.313	0	0	0	0	0	0.1093	0	0	0	8.3118	0.5505	0	0	0	0	0	0	0	0	0	0	0	0	0	0	0	0	0	0	0	0	0	0	0.4314	0	5.9268	0	0	0.0988	0.1099	0
Microbacterium oxydans	7.1984	0.1183	0	0	0	0.0941	0	0	0.6397	0	0.8905	0	0	0	0	0	0	0	0	0	0	0	0	0	0	0	0	0	0	0	0	0	0	0.1513	0	0	0	0.8972	0	0.0988	0.4395	0
Microbacterium paludicola	0	12.4215	0	0	0	0	0	0	0	0	0	0	0	0	0	0	0	0	0	0	0	0	0	0	0	0	0	0	0	0	0	0	0	0	0	0	0	0	0	0	0	0
Microbacterium sp. ALBL_058	0	0	0	0	0	0	0.1093	0	0	0	0	0	0	0	0	0	0	0	0	0	1.1469	0	0	0	0	0	0	0	0	0	0	0	0	0	0	0	0	0	0	0	0	0
Microbacterium sp. ALBL_076	0	0	0	0	0	0	0	0	0	0	0	0	0	0	0	0	0	0	0	0	0	0	0	0	0	0	0	0	0	0	0	0	0	0	0	0	0	0	0	0.1976	6.4828	0
Microbacterium sp. H1-D42	0	0	0	0	0	0	0	0	0	0	0	0	0	0	0	0	0	0	0	0	1.0195	0	0	0.2905	0	0	0	0	0	0	0	0	0	0	0	0	0	0	0	0	0.1099	0
Microbacterium sp. LKL04	0	0	0	0	0.1766	0	0	0	0	0	0	0	0	0	0	0	0	0	0	0	0	0	0	0	0	0	0	0	0	0	0	0	0	0	0	0	9.0877	0	0	0	0	0
Microbacterium sp. PM5	0	0	1.8111	0	0	0	7.1031	4.9445	0	0	0	0	0	0	0	0	0	0	0	0	0	0	0	0	0	0	0	0	0	0	0	0.6913	0	0	0	0.4159	0.3951	0.3988	0	0	0	0.4474
Microbacterium sp. zg-B185	0	0	0	0	0	0	0	0	0	0	0	0.1376	0	0	0	0	0	0	0	0	0	0	0	0	0	0	12.4178	0	0	0	0	0	0	0	0	0	0	0	0	0	0	0
Microbacterium wangchenii	0	0	0	0.7267	0	0	0	0	0	0	0	0	0	0	0	0	0	0	0	0	0	0	0	0	0	0	0	0	0	0	0	0	0	0	0	0	0	0	0	0	174.816	0
Microcella alkaliphila	0	0	0	21.437	0	0	0	0	0	0	0	0	0	0	0	0	0	0	0	0	0	0	0	0	0	0	0	0	0	0	0	0	0	0	0	0	0	0	0	0	0	0
Microcella daejeonensis	1.0954	0	0.1132	0.7267	0	0	0.2186	0	0	1.3279	0	0	0	0	0	0	0	0	0	0	0	0	0	0	0	0	0	0	0	0	0	0	0	0	0	0	0	0	0	0	9.6693	0.1491
Micrococcus luteus	36.4612	1.6562	95.5372	0.7267	36.209	10.8195	134.959	5.6038	0	3.3197	15.4361	15.9636	8.1582	0.5724	0	2.2738	0.5573	0	0	0.7443	7.2638	15.6887	0.602	7.2619	3.6091	10.7067	0	16.2455	4.5847	4.0428	4.2697	0	31.066	3.4797	12.5107	223.566	0	30.5063	0	68.7759	99.7693	68.902
Micrococcus lylae	0	0	0.9056	0	0.7065	0	0.4371	0.3296	0	0	0.5937	0	0	0	0	0	0	0	0	0	0	0	0	0	0	0	0	0	20.6313	0	0	0	16.5685	0	0	0.4159	0	0	0	0	0	0
Micrococcus sp. KBS0714	0	0	5.8862	0	0	0	0	0	0	0	0	0	0	0	0	0	0	0	0	0	0	0	0	0	0	0.1713	0	0	0	0	0	0	0	0	0	0	0	0	0	0	0	0
Microcoleus sp. PCC 8701	0	0	0	0	0	0	0	0	0	0	0	0	0	0	0	0	0	0	0	0	0	0	0	0	0	0	0	0	0	0	0	6.9126	0	0	0	0	0	0	0	0	0	0
Microcoleus vaginatus	0	0	0	0	0	0	0	0	0	0	0	0	0	0	0	0	0	0	0	0	0	0	0	0	0	0	1.3798	0	0	0	0	0	0	0	0	0	0	0	0	0	0	0
Microlunatus phosphovorus	4.6946	6.1516	0	0	0	0	0	0	0	0	0	0	0	0	0	0	0	0	0	0	0	0	0	0	0	0	4.8291	0	0	0	0	0	0	0	0	0	0	0	0	0.0988	0	0
Microlunatus sagamiharensis	0	0	0	0	0	0	0	0	0	0	0	0	0	0	0	0	0	0	0	0	0	0	0	0	0	0	6.2089	0	0	0	0	0	0	0	0	0	0	0	0	0	0.1099	0
Micromonospora aurantiaca	0	0	0	0	0	0	0.5464	0	0	0	0	0	0	0	0	0	0	0	0	0	0	0	0	0	0	0	0.6899	0	0	0	0	0	0	0	0	0	0	0.2991	0	0	0.1099	0
Micromonospora echinospora	0	0	0	0	0	0	0	0	0	0	0	0	0	0	0	0	0	0	0	0	0	0	0	0	4.8122	0	0	0	0	0	0	0	0	0	0	0	0	0	0	0	0	0
Microvirga sp. 17 mud 1-3	0	0	0	0	0	0	0	0	0	0	0	0	0	0	0	0	0	0	0	0	0	0.6724	0	0	0	0	0	0	0	0	0	0	0	0	0	0	0	0	0	0	0	0
Minicystis rosea	0	0	0.1132	0	0	0	0	0	0	0	0	0	0	0	0	0	0	0	0	0	0	0	0	0	0	0	0	0	0	0	0	0	0	0	6.4711	0	0	0	0	0	0	0
Mitsuaria sp. 7	0	0	0	7.9935	0	0	0	0	0	0	0	0	0	0	0	0	0	0	0	0	0	0	0	0	0	0	0	0	0	0	0	0	0	0	0	0	0.3951	0	0	0	0.2198	0
Modestobacter marinus	0	0	0	0	0	0	0.1093	0	0	0	0	0	0	0	0	0	0	0	0	0	0	0	0	9.0047	0	0	0	3.7082	0	0	0	0	0	0	0	0	0	0	0	0	0.1099	0
Modestobacter sp. L9-4	1.8778	0	0	0	0	0	0	0	0	0	0	0	0	0	0	0	0	0	0	0	0	0	0	0.8714	0	0	0	4.4145	0	0	0	0	0	0	0	0	0	0.3988	0	0	0.1099	0
Moellerella wisconsensis	27.0721	0.1183	0	0	0	0	0	0	0	0	0	0	0	0	0	0	0	0	0	0	0	0	0	0	0	0	0	0	0	0	0	0	0	0	0	0	0	0	0	0	0	0
Moraxella bovoculi	5.79	0.1183	0.6792	0	0.3533	0	0.1093	0.3296	0	0	0	0	0	0	0	0	0	0	0	0	0	0	0	0.2905	0.0802	0	0	0	0	0.5273	0	0	0	0.4539	0	0	0	0	0	0.6917	0	0
Moraxella catarrhalis	16.431	0	0.1132	0	0.1766	4.8923	0	0.8241	0	0	0	0	0	0	0	0	0	0	0	0	0	0	0	0.8714	0.1604	0	0	0	0	0	0	0	0	0	0	0	0	0.4985	0	0.6917	0.1099	0.2983
Moraxella osloensis	345.834	3.0758	9.3953	2.5434	172.213	49.9581	25.2434	9.7243	0	0.6639	9.2023	0.1376	0	0.4293	0.4037	1.7951	0	0	0.1441	0.1861	0.2549	0.6724	8.4275	42.1188	1.203	1.4561	0	0	0	2.1972	0.8006	0.6913	1.6108	24.6606	4.314	0.208	1.5805	1.296	0.1196	85.2781	1.0988	62.9364
Moraxella sp. ALBL_026	0.4695	0	0	0	0	2.258	0	0.3296	0	0	0	0	0	0	0	0	0	0	0	0	0	0	0	0	0	0	0	0	0	0	0	0	0	0	0	0	0	0	0	0	0	0
Mucilaginibacter rigui	0	0	0	0	0	0	0	0	0	0	0	0	0	0	0	0	0.0929	0	0	0	0	0	0	0	0	0	0	0	0	0	0	0	0	0	0	0	1.1854	0	0	0	0	0
Mucilaginibacter sp. 14171R-50	0	0	0	0	0	3.5752	0	0	0	0	0	0	0	0	0	0	0	0	0	0	0	0	0	0	0	0	0	0	0	0	0	0	0	0	0	0	0	0	0	0	0	0
Mycobacterium sp. MS1601	0	0	0	1.09	0	0	0	0	0	0	0	0	0	0	0	0	0	0	0	0	0	0	0	0	0	0	0	0	0	0.0879	0	0	0	34.0408	0	0	0	0	0	0	0	0
Mycobacterium tuberculosis	0	0	1.2452	0	0	0.5645	0.2186	0	0	0	0	0	0	0.1431	0	0	0	0	0	0	0	0	0	0	0.5614	0.1713	0	0	0	0	0	0	0	0	0	0	0	0	0	0.1976	0	0
Mycobacteroides abscessus	0	0	0	0	0.3533	0.0941	2.4041	0.4945	0.6397	1.3279	1.7811	0	0	0	0.4037	0.359	0	0	0	0.1861	0	0	0.301	0.2905	6.0954	17.3877	0	0	0	0.2637	0.8006	1.3825	12.6565	5.2952	37.5321	0	0	0	0.3589	0.1976	0.5494	0
Mycobacteroides chelonae	0.9389	0.1183	10.3008	0	87.9613	19.3811	3.3877	6.5927	3.1983	10.623	2.6716	20.9178	0.8158	0	0.4037	0.359	0	0.0463	0.048	0.1861	3.5682	0.4482	0	1.7429	6.4964	11.5632	0	9.1823	9.1695	2.1972	9.3399	0.6913	1.6108	23.7529	0.8628	4.5753	12.2486	3.2899	1.1962	5.8301	50.8736	2.2371
Mycobacteroides saopaulense	0	0	0	0	0.8831	0	0	0	0	0	3.5622	0	0	0	0	0	0	0	0	0	0	0	0	0	0	0	0	0	0	0	0	0	0	0	0	0	0	0	0	0	0	0
Mycolicibacterium aurum	0	0	0	0	0	0	0	0	0	0	2.0779	0	0	0	0	0	0	0	0	0	0	0	0	0	0	0	0	0	0	0	0	0	0	0	0	0	0	0	0	0	0	0
Mycolicibacterium brumae	0	0	0	0	0	0	0	0	0	0	1.1874	0	0	0	0	0	0	0	0	0	0	0	0	0	0	0.3426	0	0	0	0	0	0	0	0	0	0	0	0	0	0	0	0
Mycolicibacterium phocaicum	0	0.1183	0.2264	0	0	0	0	0	0	0	0	0	0	0	0	0	0	0	0	0	0	0	0	0	0.0802	0	0	0	0	0	0	0	0	0	0	0	0	0	0	0.1976	6.0433	0
Mycoplasmoides pneumoniae	0	0	0	0	0	0	0	0	0	0	0	0	0	0	0	0	0	0	0	0	0	0	0	0	0	0	0	0	0	0	0	0	2.3012	0	0	0	0	0	0	0	0	0
Nakamurella multipartita	0	0	0	0	0	0	0	0	0	0	0	0	0	0	0	0	0	0	0	0	0	0	0	0.8714	0	0	0	0	0	0	0	0	0	0	0	0	0	0	0	0	0	0
Neisseria elongata	2.9732	0	0	0	0	8.0911	0	0	0	0	0	0	0	0	0	0	0	0	0	0	0	0	0	0	0	0	0	0	0	0	0	14.5164	0	0.3026	0	0	0	0	0	0.1976	0	0
Neisseria meningitidis	35.8353	0.1183	0.1132	0	0	6.9621	0	0	0	1.3279	25.529	0	0	0	0	0	0	0	0	0	0	0	0	0	0	0	0	1.0595	0	0	0	0	0.4602	0	0.4314	2.9116	0	0	0.5981	0.2964	0.6593	0
Neisseria mucosa	23.9423	0	0	0	0	0.0941	0	0	7.676	0	0	0	0	0	0	0	0	0	0	0	0	0	0	0	0	0	0	0	0	0.0879	0	0	0	0	0	0	0	0	0	0	0.2198	0
Neisseria perflava	0	0	0	0	0	0	0	0	0	21.91	0.2968	0	0	0	0	0	0	0	0	0	0	0	0	0	0	0	0	0	0	0	0	0	0	0	0	0	0	0	0	0	0	0
Neisseria sicca	3.2862	0	0	0	0	0	0	0	0	12.6149	0	0	0	0	0	0	0	0	0	0	0	0	0	0	0	0.0857	0	0	0	0	0	0	0	0	0	0	0	0	0	0	0.2198	0
Neisseria sp. oral taxon 014	0.313	0	0	0	0	74.9841	0	0	0	0	0	0	0	0	0	0	0	0	0	0	0	0	0	0	0	0	0	0	0	0	0	0	0	0	0	0	0	0	0	0	0	0
Neisseria subflava	10.4846	0	0	0	0	4.7982	0	0	0	3.9836	5.6401	0	0	0.1431	5.0463	0	0	0	0	0	0	0.8965	0	0	0	0	0	1.2361	2.2924	0	0.8006	0	0	0	0	0	0	6.5798	0	0.0988	0	0
Neobacillus drentensis	0	18.573	0	5.4501	0	0	0	0	0	0.6639	0	0	0	0	0	0	0	0	0	0	0	0	0	0	0	0	0	0	11.4618	0	0	0	0	0	0	0	0	0	0	0	0	0
Neochlamydia sp. S13	0	0	0	0	0	0	0	0	0	0	0	0	0	0	0	0	0	0	0	0	0	0	0	0	0	0	0	0	0	0	0	2.765	0	0	0	0	0	0	0	0	0	0
Nepovirus arabis	0	0	0	0	0	0.4704	0.765	0	0	0	0.2968	0	0	0	0	0	0	0	0	0	0.2549	0.2241	0	0	0.2406	0.5996	0	0.1766	0	0.4394	0	0	0	0	0.4314	0	0	0.0997	0	0	0	0.1491
Neptunomonas concharum	0	0.4732	0	0	0	0	0.1093	0	0	0	0	0	0.4079	0	0	0	0	0	0	0.1861	0.1274	0	0	0	0	0	0	0	0	0	0	0	0	0	0	0.208	0	0	0	0	0	0
Niabella soli	0	0	0	0	0	0	0	0	0	0	0	0	0	0	0	0.1197	0	0	0	0	0	0	0	1.7429	0	0	0	0	0	0	0	0	0	0	0	0	0	0	0	0	0	0
Nissabacter sp. SGAir0207	491.679	0.1183	0	0	0	0	0	0	0	0	0	0	0	0	0	0	0	0	0	0	0	0	0	0	0	0	0	0	0	0	0	0	0	0	0	0	0	0	0	0	0	0
Nitrosomonas ureae	0	0	5.4334	0	0	0	0	0	0	0	0.5937	0	0	0	0	0	0	0	0	0	0	0	0	0	0	0	0	0	0	0	0	0	0	0	0	0	0	0	0	0	0	0
Nitrosospira multiformis	0	0	0.2264	0	0	0	0	0.1648	0	0	0	0	0	0.1431	0	0	0	0	0	0	0.3823	0	0	0	0	0	0	0	0	0	0	0	0	0	0	0	0	0	0	0	0.1099	0.1491
Nitrospira moscoviensis	0	0	0	0	0	0	0	0	0	0	0	0	0	0	0	0	0	0	0	0	2.039	0	0	0	0	0	0	0	0	0	0	0	0	0.9078	0	113.135	0	0	0	8.3994	0	0
Nocardia cyriacigeorgica	0.313	0.4732	0.3396	0	0	0	0	0	0	0	0	0	0	0	0	0	0	0	0	0	0	0	0	0	0	0	0	0	0	0	0	0	0	0	0	0	0	108.367	0	0	0	0
Nocardioides aquaticus	0	0	0	0	0	0	0	0	0	0	0	0	0	0	0	0	0.0929	0	0	0	0	0	0	0	0	0	0	0	0	0	0	0	0	0	0.4314	0	0	0	0	0	0.1099	0
Nocardioides aromaticivorans	0	0	0	0	0	0	0	0	0	0	0	0	0	0	0	0	0	0	0	0	0	0	0	0	0	0	0	0	0	0	0	0	0	0	0	0	0	0	0	0	6.0433	0
Nocardioides campestrisoli	0.1565	0	0.2264	0.7267	0	0	0	0	0	0	0	0.5505	0	0	0	0	0	0	0	0	0	0	0	0	0	0	0	0	0	0	0	0	0	0	0	0	0	0	0	0	0.879	0
Nocardioides daphniae	0.1565	0	0	0	0.1766	0	0	0	0	0	0	0	0	0	0	0	0	0	0	0	0	0	0	0	0	0	0	0	0	0	0	0	0	0	0	0	0	0	0	0	28.8979	0
Nocardioides dokdonensis	0	0	0	0.3633	0	0	0	0	0	0	0	0.5505	0	0	0	0	0	0	0	0	0	0	0	0	0	0	0	0	0	0	0	0	0	0	0	0	1.1854	0.0997	0	1.8775	2.8568	0
Nocardioides houyundeii	0	0	0	0	0	0	0	0	0	0	0	0	0	0	0	0	0	0	0	0	0	0	0	0	0	0	0	0	0	0	0	0	0	0	0	0	4.7414	0.0997	0	0	0.879	0
Nocardioides jishulii	0	0	0	0	0	0	0	0	0	0	0	0	0	0	0	0	0	0	0	0	0	0	0	0	0	0	0	0	0	0	0	0	0	0	0	0	0.7902	7.6764	0	0	1.2087	0
Nocardioides marinisabuli	0	0	0.1132	0	0	0	0	0	0	0	0	0.4129	0	0	0	0	0	0	0	0	0	0	0	0.5809	0	0	0	0	0	0	0	0	0	0	0	0	0	0.2991	0	0	0	0
Nocardioides marmotae	0	0	0.1132	0	0	0	0	0	0	0	0	0	0	0	0	0	0	0	0	0	0	0	0	0	0	0.7709	0	0	0	0	0	0	0	0	0	0	0	0	0	0	0	0
Nocardioides mesophilus	0	0	2.3771	0	0	0	0	0	0	0	0	0.1376	0	0	0	0	0	0	0	0	0	0	0	0	0	0	0	0	0	0	0	0	0	0	0	0	0	0	0	0	0	3.5793
Nocardioides okcheonensis	0	0	0	0	0	0	0	0	0	0	0	0	0	0	0	0	0.1858	0	0	0	0	0	0	0	0	0	0	0	0	0	0	0	0	0	0	0	0	3.3896	0	0	0	0
Nocardioides panacis	0	0	14.4891	0	0	0	0	0	0	0	0	0	0	0	0	0	0	0	0	0	0	0	0	0	0	0	0	0	0	0	0	0	0	0	0	0	0	0	0	0	0	0
Nocardioides pantholopis	0	0	0	0	0	0	0	0	0	0	0	0	0	0	0	0	0	0	0	0	0	0	0	0	0	0	0	0	0	0	0	0	0	0	0	0	0	0	0	0	40.6549	0
Nocardioides seonyuensis	0	0.1183	0	0	0	0	0	0	0	0.6639	0	0	0	0	0	0	0	0	0	0	0	0	0	0	0	0	0	0	0	0	0	0	0	0	0	0	0	15.7516	0	0	0.2198	0
Nocardioides sp. HDW12B	0	0.1183	0	0.3633	0	0	0	0	0	0	3.5622	0	0	0	0	0	0	0	0	0	0	0	0	0	0	0	0	0	0	0	0	0	0	0	0	0	0	0	0	0	0	0
Nocardioides sp. JQ2195	0	0	17.6585	0	0	0	0	0	0	0	0	0.2752	0	0	0	0	0	0	0	0	0	0	0	0	0	0	0	0	0	0	0	0	0	0	0	0	0	0	0	0	21.9756	0
Nocardioides sp. QY071	0	0	0	0	0	0	0	0	0	0	0	0	0	0	0	0	0	0	0	0	0	0	0	0	0	0	0	0	0	0	0	0	0	0	0	0	11.4584	0	0	0	0.1099	0
Nocardioides sp. S-1144	0	0	0	0	0	0.0941	0	0.4945	0	0	0	0	0	0	0	0	0	0	0	0	0	0	0	0	0.0802	0	0	0	0	0	0	0	0	0	0	0	0	0	0	0	319.526	1.1931
Nocardioides sp. S5	1.7213	0	0	0	0	0	0	0.4945	0	0	0	0	0	0	0	0	0	0	0	0	0	0	0	0	0	0.5139	0	0	0	0	0	0	0	0	12.5107	0	0	71.1814	0	0	0	0
Nocardioides sp. W7	0	0	0	0.3633	0	0	0	0	0	0	0	0	0	0	0	0	0	0	0	0	0	0	0	0	0	0	0	0	0	0	0	0	0	0	0	0	18.5705	0.1994	0	0	1.3185	0
Nocardioides ungokensis	0	0	0	0.7267	0	0	0	0	0	0	0	0	0	0	0	0	0	0	0	0	0	0	0	0	0	0	0	0	0	0	0	0	0	0	0	0	0	0.1994	0	0	0	13.5716
Nocardioides yefusunii	0	0	0	0	0	0	0	0	0	0	0	0	0	0	0	0	0	0	0	0	0	0	0	0	0	0	0.6899	0	0	0	0	0	0	0	0	0	2.3707	1.0966	0	0	2.3074	0
Nocardiopsis sp. BM-2018	0	0	0	0	0	0	0	0	0	3.3197	0	0	0	0	0	0	0	0	0	0	0	0	0	0	0	0	0	0	0	0	0	0	0	0	0	0	0	0	0	0	0	0
Nonomuraea gerenzanensis	0	0	0	0	0	0	0	0	0	0	0	0	0	0	0	0	0	0	0	0	0	0.2241	0	0	0	0	0	2.2956	0	0	0	0	0	0	0	0	0	0	0	0	0	0
Nonomuraea sp. ATCC 55076	0	0	0.2264	39.2406	1.2364	0.0941	1.3114	1.813	25.5865	35.1888	0	0.6881	0	0.1431	0	0.1197	0	0.0927	0	0	0	1.1206	0.301	0	0.1604	0.0857	6.8988	1.5892	11.4618	1.2304	0	0	0	2.572	9.9223	0	0.3951	0	0	0.2964	0.879	0
Nosocomiicoccus ampullae	0	0.2366	0	0	0	0	0	0	0	0	0	0	0	0	0	0	0	0	0	0	0	0	2.7088	0	0	0	0	0	0	0	0	0	0	0	0	0	0	0	0	0	1.2087	0
Novosphingobium aromaticivorans	0	0	0.1132	0	0	0	0	0	0	0	0	0	0	0	0	0	0	0	0	0	0	0	0	0	0	0	0	0	0	0	0	0	0	3.3284	0	0	0	0	0	0.1976	0	0.2983
Novosphingobium humi	0	0	0.7924	0.7267	0	0	0	0.1648	0.6397	0	0	0	0	0	0	0	0	0	0	0	0	0.8965	0	0	0	0	0	0	0	0	0	0	0	1.2103	12.0793	0	0	0	0	5.3361	0	0
Novosphingobium pentaromativorans	0	0	0	0	0	0	0	0	0	0	0	0	0	0	0	0	0	0	0	0	0	0	0	0	0	0	0	0	0	0	0	0	0	0.1513	0	0.208	0	0	0	8.3005	0	0
Novosphingobium resinovorum	0	0	0.2264	4.3601	0	0	0	0	0	0	0	0.4129	0	0	0	0	0	0	0	0	0	0	0	0.2905	0.0802	0	0.6899	0.1766	0	0	0	0	0	0.3026	0	0	0	0	0	0	0	0.1491
Novosphingobium sp. EMRT-2	0	0	0	0	0	0	0	0	0	0	0	0	0	0	0	0	0	0	0	0	0	0	0	0	0	0	0	0	0	0	0	0	0	3.7823	0	0	0	0	0	0	0.1099	0
Novosphingobium sp. ES2-1	0	0.2366	0	0.3633	0	0	0	0	0	0	0	0	0	0	0	0	0	0	0	0	0	0	0	0	0	0	15.8672	0	0	0	0	0	0	0	0.4314	0	0	0	0	0	0	6.7112
Novosphingobium sp. P6W	0	0	0	7.2668	0	0	0	0	0	0	0	0.2752	0	0	0	0	0	0	0	0	0	0	0	0	0	0	0	0	0	0	0	0	0.4602	0	0	0	0	0	0	0	0	0.1491
Octadecabacter antarcticus	0	0	0	0	0	0	0	0	0	0	0	0	0	0	0	0	0	0	0	0	0	0	0	0	0	0	0	1.0595	0	0	0	0	0	0	0	0	0	0	0	0	0	0.2983
Octadecabacter arcticus	0	0	0	0	0	0	0	0	0	0	0	0	0	0	0	0	0	0	0	0	0	0	0	0	0	0	0	14.1265	0	0	0	0	0	0	0	0	0	0	0	0	0	0
Oerskovia sp. KBS0722	0	0	61.0125	0	0	0	0	0	0	0	0	0	0	0	0	0	0	0	0	0	0	0	0	0	0	0	0	0	0	0	0	0	0	0	0	0	0.3951	0	0	0	0	0
Oscillatoria sp. CCAP 1459/26	0	0	0	0	0	0	0	0	0	0	0	0	0	0	0	0	0	0	0	0	0	0	0	0	0	0	0	0	0	0	0	3.4563	0	0	0	0	0	0	0	0	0	0
Oscillibacter sp. PEA192	0	0	0.3396	0	0	0	0	0	0	0	0	0	0	0	0	0	0	0	0	0	0	0	0	0	0	0	0	0	0	0	1.0674	0	0	0	0	0	0	0	0	0	0	0
Oscillibacter valericigenes	0	0	0	0	0	0	0	0	0	0	0	0	0	0	0	0	0	0	0	0	0	0	0	0	0	0	0	0	0	0	0	1.3825	0	0	0	0	0	0	0	0	0	0
Ottowia oryzae	41.4688	0	0	0	0	0	0	0	0	0	0	0	0	0	0	0	0	0	0	0	0	0	0	0	0	0	0	0	0	0	0.2669	0	0	0	0	0.208	0	0	0	0	0	0
Ottowia sp. oral taxon 894	0.4695	0	0	0	0	0	0	0	0.6397	0	0	0	0	0	0	0	0	0	0	0	0	0	0	0	0	0	0	0	0	0	0	0	0	0	6.4711	0	20.9412	0	0	0	0	0
Oxalobacter aliiformigenes	0.1565	0.1183	0	2.5434	0	0	0	0	0	0	0	0	0	0	0	0	0	0	0	0	0	0	0	0	0	0.6852	0	0	0	0	0	0	0	0	0	0	0	0	0	0	0.1099	0
Paenalkalicoccus suaedae	0	23.1867	0	0	0	0	0	0	0	0	0	0	0	0	0	0	0	0	0	0	0	0	0	0	0	0	0	0	0	0	0	0	0	0	0	0	0	0	0	0	0	0
Paenarthrobacter aurescens	0.1565	0	0.1132	0	0	0	0	8.5705	0	0	0	0	0	0	0	0	0	0	0	0	0	0	0	0	0	0	0	0	0	0	0	0	0	0	0	0	0	0	0	0	0	0
Paenarthrobacter ureafaciens	0	0	1.4716	0	0.1766	0	0	0	0	0	0	0.5505	0	0	0	0	0	0	0	0	0	0	0	0	0	0.0857	0	0.1766	0	0.791	0	0	0	0	0	0	0	0	0	0.1976	0	0.1491
Paenibacillus albus	0	0	0	0	0	0	0	0	0	0	0	0	0	0	0	0	0	0	0	0	0	0	0.602	0	0	0	0	0	0	0	0	0	0	0	0	0	0	0	0	0	0	0.7457
Paenibacillus phage Pahemo	3.7557	0.3549	1.4716	0.3633	0.1766	0.5645	0	1.3186	0	0	0.2968	0	0	0.1431	0.4037	0	0	0.0463	0	0	0.1274	0	0	0	0.6416	1.1992	0	0	0	0.7031	0	0	0	0.3026	0	2.4956	0	0.6979	0.2392	2.2728	2.5272	0.4474
Paenibacillus polymyxa	0	20.8207	0	0	0	0	0	0	0	0	0	0	0	0	0	0	0	0	0	0	0	0	0	0	0	0	0	0	0	0	0	0	0	0	0	0	0	0	0.1196	0	0	0
Paenibacillus yonginensis	0	15.2606	0	0	0	0	0	0	0	0	0	0	0	0	0	0	0	0	0	0	0	0	0	0	0	0	0	0	0	0	0	0	0	0	0	0	0	0	0	0	0.7691	0
Pandoraea apista	0	0	0.1132	0	0	0	0	0	0	0	0	0	0	0	0	0	0	0	0	0	0	0	0	0	0.0802	0	0.6899	0	0	0	0	0	0	0	0	0.208	0	0.0997	0	0.0988	0	0
Pannonibacter phragmitetus	0	0	0	0	23.4917	0	0	0.3296	0	0	0	0	0	0	0	0	0	0	0	0	0	0	0.301	0	0	0	0	0	0	0	0	0	0	0	0	0.208	0.3951	0	0.1196	0	0	0
Pantoea agglomerans	30.0453	0.2366	0	18.5303	0	0.1882	0	0.1648	0	0	0	0	0	0	0	0	0	0	0	0	0	0	0	0	0.0802	0.1713	0	0	0	0	0	2.765	0	0.3026	0	0.208	0	0	42.3446	0	0.1099	0
Pantoea ananatis	17.3699	0.9464	0.1132	1.09	0	0	0	0	0	28.5494	0	0	0	0	0	0	0	0	0	0.5582	0.1274	0	0	0	0.0802	0	0	0	0	0	0	0	0.2301	0.1513	0	0	0	0	0.9569	0.1976	0	1.6405
Pantoea sp. CCBC3-3-1	500.442	0	0	2.18	0	0	0	0	0	0	0	0	0	0	0	0	0	0	0	0	0	0	0	0	0	0	0	0	0	0	0	0	0	0	0	0	0	0	0	0	0	0
Pantoea vagans	27.698	0.1183	0	0	0	0	0	0	0	0	0	0	0	0	0	0	0	0	0	0	0	0	0	0	0	0	0	0	0	0	0	0	0	0	0	0	0	0.0997	0	0	0	0
Parabacteroides distasonis	0	0	0	0	0	0	0	0	0	0	0	0	0	0	0	0	0	0	0	0	0	0	0	0	0	0	0	0	0	0	23.4831	0	0	0	0	0	0	0.0997	0	0	0	0.5966
Paraburkholderia caribensis	0	0	0	0	0.1766	0	0	0	0	0	0	0	0	0	3.0278	0	0	0	0	0	0	0	0	0	0	0.0857	0	0	0	0	0	0	0	0	0	0	0.3951	0	0	0	0.1099	0
Paracidovorax avenae	25.9767	0.7098	0.2264	0	0	1.3172	0	1.1537	0.6397	0	0	0	0.4079	0.4293	0.2019	0.359	0.0929	0	0	0	0	0.8965	0	0	0	0	0	0	0	1.1425	1.0674	0.6913	5.9831	2.4207	0	8.5267	3.9512	0.7976	0	0.1976	0.6593	0
Paracidovorax citrulli	2.3473	0.2366	0	0	0	0	0	0.1648	0	0	1.4842	0	0	0	0.4037	0.2394	0.6502	0	0	0	0.3823	0.2241	0.301	0	0	0	0	0	0	0.0879	0	0	1.3807	0.3026	0.4314	0	2.3707	0	0	0	0.1099	0
Paracoccus albus	0	0	0	0	0	0	0	0	0	1.3279	0	0	0	0	0	0	0	0	0	0	0	0	0	0	0	0	0	1.7658	0	0	0	0	0.2301	0	0	0	0	1.5951	0	0.7905	0	0
Paracoccus aminophilus	0.313	0	0	0	0	0	0	0	0	0	0.5937	0	0	0	0	0	0	0	0	0	0	0	0	0	0	0	1.3798	1.5892	0	0	0	0.6913	7.824	9.834	0.4314	0	1.1854	1.4954	0	0	0.2198	0.5966
Paracoccus aminovorans	0	0	0	0	0	0	0	0.4945	0.6397	0	0	0	0.4079	0	0	0	0	0	0	0	0	0	0	0	0	0	0	0.7063	0	0	0	0	1.841	10.5905	0	0	0.3951	0.2991	0	0	0.2198	0.1491
Paracoccus contaminans	0.313	0	0	0	0	0	0	0	0	0	0	0	17.5402	0	0	0	0	0	0	0	0	0	0	0	0.0802	0	5.519	1.2361	0	0	0	10.3689	0	3.3284	0	0	0	0	0	3.3597	0	0
Paracoccus denitrificans	5.3205	0.4732	1.0188	0.3633	0	0	0.3278	4.1205	0	0	0	0	0.8158	0	0	2.2738	0	0	0	0	0	3.3619	0.301	0	0	0	0	9.5354	0	0	1.868	1.3825	11.5059	0	2.157	0	1.1854	22.3314	0	0.5929	2.8568	5.8164
Paracoccus jeotgali	0	0	0	0	0	0	0	0	0	0	0	0	0	0	0	0	0	0	0	0	0	0	0	0	0	0	0	0	0	0	0.8006	0	0	0	0	0	0	0.0997	0	0	0.1099	0
Paracoccus kondratievae	1.7213	0.1183	0	0	0	0	0	0	4.4776	0	0	0	0	0	0	0	0	0	0	0	0	0	0	0	0	0	0	0.1766	0	0	0	0	1.1506	11.8008	0.4314	0	0	0	0	0.2964	0	7.0095
Paracoccus liaowanqingii	54.4571	0	0	0	0	0	0.2186	0	0	0	0	0	0	0.2862	0	0.1197	0	0	0	0	0	0	0	0	0	0	0	0	0	0	0	0	10.8156	0.3026	0.8628	0	0	0	0	0	0	0.1491
Paracoccus marcusii	19.2478	0.2366	0.4528	0	0	0.0941	0.1093	0	0	0	0.8905	0	0.4079	0	0	0	0	0	0	0	0	0.4482	0	0	0	14.1328	1.3798	0.5297	0	0	0.2669	0	6.9036	0.4539	0	0	0.3951	2.6917	0	2.3716	0.7691	0.8948
Paracoccus mutanolyticus	0	0	0	0	0	0	0	0	0	0	0	0	0	0	0	0.1197	0	0	0	0	0	0.2241	0	0	0	0	0	0	0	0	0	0	0.2301	0	0	0	0	0.0997	0	0	0	0
Paracoccus pantotrophus	13.9272	0.3549	0.3396	0	0	4.7042	0.1093	11.5373	0	4.6476	0	0.1376	2.4475	0	0	4.5476	0	0	0	0	0	0	0	0	0	0	2.0696	6.8867	0	0	0.5337	0	26.4636	4.8414	46.1602	0.208	1.1854	7.9755	0	1.8775	4.2853	12.975
Paracoccus sanguinis	0.1565	0	0	0	0	0	0	0	0	1.3279	0	0	15.9086	0	0	0	0	0	0	0	0.6372	0	0.602	0	0	0	9.6583	29.8423	0	0	0	433.42	0.2301	0	0	0	0	3.8881	0	25.0992	0	0
Paracoccus sediminicola	0	0	0	0	0	0	0	0	0	0	0	0	0	0	0	0	0	0	0	0	0	0	0	0	0	0	0	2.119	0	0	0	0	0.4602	0	0	0	0	0.0997	0	0.5929	0	1.4914
Paracoccus seriniphilus	1.4084	0	0.1132	0	0	0	0.1093	0	0	0	0	0	0	0	0	0	0	0	0	0	0	0	0	0	0	0	0	0	0	0	0	0	2.0711	0.1513	1.2942	0	0	0	0	0	0	1.044
Paracoccus sp. MA	0.6259	0	0	0	0	0	0	0	0	0	0	0	0	0	0	0	0	0	0	0	0.1274	0	0	0	0	0	0	0.1766	0	0	0	0	4.3723	0	0	0	0	0.3988	0	0.0988	0.2198	0.4474
Paracoccus sp. SCSIO 75233	0.1565	0	0	0	0	0	0	0	0	0	0	0	0	0	0	0	0	0	0	0	0	0	0	0	0	0	0	14.1265	0	0	0	0	0	0.1513	0	0	0	0	0	7.51	0	0
Paracoccus sp. SMMA_5_TC	0.1565	0	0	0	0	0	0	0	0.6397	0	0	0	0	0	0	0	0	0	0	0	0	0.4482	0	0	0	0	0	0	0	0.1758	0	0	0	0.3026	0	0	0	0	0	0	0.2198	0
Paracoccus suum	0.1565	0	0	0	0	0	0	0	0	0	0	0	0	0	0	0	0	0	0	0	0	0	0	0	0	0	0	0	0	0	0	2.765	0.2301	0	0	0	0	0	0	0.1976	0	0
Paracoccus versutus	0.9389	0	0.2264	0	0	0.4704	0.1093	5.9335	5.757	1.9918	0	0.1376	1.2237	0	0.2019	0.2394	0	0	0	0	0	0.2241	0	0	0	0	0	1.5892	0	0	0	0.6913	23.9323	0.6052	21.5702	0	4.3463	3.4893	0	0.1976	0.5494	2.5354
Paracoccus yeei	21.1256	1.3013	3.9619	1.4534	0.1766	0.2822	4.4804	3.4612	33.2625	2.6558	2.9685	2.6147	0.8158	1.1449	0.2019	0.9574	0	0	0	0	0.1274	7.8444	0.301	2.3238	0	0.257	0.6899	5.1209	0	0	0	10.3689	5.753	7.8672	12.5107	29.5314	5.1365	4.5859	0	0.9882	7.4717	5.2199
Paraprevotella clara	0	0	0	0	0	0	0	0	0	0	0	0	0	0	0	0	0	0	0	0.1861	0	0	0	0	0	0	0	0	0	0	0	0	0	0	0	0	0	0	0	0	0	0
Paraprevotella xylaniphila	0	0	0	0	0	0.2822	0	0	0	0	0	0	0	0	0	0	0	0	0	1.3025	0	0	0	0	0	0	0	0	0	0	0	0	0	0	0	0	0	0	0	0	0	0
Parvimonas micra	0	3.549	0.3396	0	0	0	0	0	0	0	0	0	0	0	0	0	0	0	0	0	0	0	0	0	0	0	0	0	0	0	0	0	0	0	0	0	0	0	2.512	0	0	0.1491
Pasteurella multocida	2.5038	0.7098	0.1132	0	0	0	0.1093	0.3296	0	0	0	0	0	0	0	0	0	0	0	0	0	0.2241	0	0	0	0.7709	0	0	0	0.5273	0	2.0738	0	0.7565	6.0397	0	0	0.0997	0	0.8893	0.1099	0
Patulibacter medicamentivorans	0	0	0	1.8167	0	15.9941	0	0	0	0	0	0	0	0	0	0	0	0	0	0	0	0	0	0	0	0	0	0	0	0	0	0	0	0	0	0	0	0	0	0	0	0
Paucibacter sp. KCTC 42545	0.4695	0.5915	0	2.18	0	0	1.967	0	0.6397	0	0	0.1376	0	0	0	0	0	0	0	0	0	0.2241	0	0.5809	3.2081	0	0	0	0	0	0	0	0	0	0	59.2709	0.7902	15.0538	0	0	4.6149	0
Paucibacter sp. S2-9	0.4695	0.2366	0	0	0.1766	0	0	0	0	0	0	0	0	0	0	0	0	0	0	0	0.892	0	0	0	0	0	0	0	0	0.1758	0	0	0	0	0	275.35	0	0.5982	0	0	0.1099	0
Pectobacterium carotovorum	2.5038	0.4732	0	0	0	0	0.1093	0	0	0	0	0	0	0	0	0.4787	0	0	0	0	0	0	0	0	0	0	0	0	0	0	0	0	0	0	0	0	0	0	0	0	0	0
Pediococcus acidilactici	0	3.7856	0	0	0	0	0	0	0	0	0	0	0	0	0	0	0	0	0	0	0	0	0	0	0	0	0	0	0	0	0	0	0	0	2.157	0	0	0	0	0	0	0
Pediococcus pentosaceus	0	19.2828	0	0	0	0	0	0	0	0	0	0	0	0	0	0	0	0	0	0	0	0	0	0	0	0	0	0	0	0	0	0	0	0	0	0	0	0	0	0	1.2087	0
Pedobacter endophyticus	0	0	0	22.1637	0	0	0	0	0	0	0	0	0	0	0	0	0	0	0	0	0	0	0	0	0	0	0	0	0	0	0	0	0	0	0	0	0	0	0	0	0	0
Pedobacter gandavensis	3.5992	0	0	5.4501	0	0.1882	0	0	0	0	0	0	0	0	0	0	0	0	0	0	0	0	0	0	0	0	0	0	0	0	0	0	0	0	5.1769	0	13.0388	0	0.1196	0	0	0.7457
Pedobacter ginsengisoli	0.1565	0	0	9.8102	0	0	0	0	0	0	0	0	0	0	0	0	0	0	0	0	0	0	0	0	0	0	0	0	0	0	0	0	0	0	0	0	0	0	0.2392	0	0	1.044
Pedobacter roseus	0	0	0	33.7905	0	0	0	0	0	0	0	0	0	0	0	0	0	0	0	0	0	0	0	0	0	0	0	0	0	0	0	0	0	0	0	0	0.3951	0	0	0	0	6.2638
Pedobacter sp. D749	0	0	0	15.9869	0	0	0	0	0	0	0	0	0	0	0	0	0	0	0	0	0	0	0	0	0	0	0	0	0	0	0	0	0	0	0	0	0	0	0	0	0	0.1491
Pedobacter sp. G11	0	0	0	5.4501	0	0	0	0	0	0	0	0	0	0	0	0	0	0	0	0	0	0	0	0	0	0	0	0	0	0	0	0	0	274.444	0	4.5753	0	0	0	0	0	0
Pedobacter sp. HDW13	0	0	0	6.1768	0	0	0	0	0	0	0	0	0	0	0	0	0	0	0	0	0	0	0	0	0	0	0	0	0	0	0	0	0	0	0	0	5.5316	0	0	0	0	0.2983
Pedobacter sp. SL55	2.9732	0.7098	0	0.3633	0	0	0	0	0	0	0	0	0	0	0	0	0	0	0	0	0	0	0	0	0	0	0	0	0	0	0	0	0	0	0	0	0	0	1.7943	0	0	0.1491
Pedococcus dokdonensis	0	0	0	0	11.1276	0	0	0	0	0	0	0	0	0	0	0	0	0	0	0	0	0	0	0	0	0	0	0	0	0	0	0	0	0	0	0	0	0	0	0	0	0
Pepino mosaic virus	0	0	0	0	0	0	0	0	0	0	0	0	0	0	0	0	0	0	1.3926	0	0	0	0	0	0	0	0	0	0	0	0	0	0	0	0	0	0	0	0	0	0	0
Peptacetobacter hiranonis	0	0	0	0	0	0	0	0	0	0	0	0	0	0	0	0	0	0	0	0	0	0	0.301	0	0	0	0	0	0	0	0	0	0	0	0	0	0	0	0	0	0	0.4474
Peptococcus niger	0	0	0	0	0	0	0	0	0	0	0	0	0	0	0	0	0	0	0	0	0	0	0	0	0	0	0	0	0	0	0	0	0	0	0	0	0	0	0	0	0	39.82
Peptoniphilus equinus	0	0	0.3396	0	0	0	0	0.3296	0	0	0	0	0	0	0	0	0	0	0	0	0	0	1.5049	0	0	0	0	0	0	0	0	0	0	0	0	0	0	0	0	0	0	0
Peptoniphilus harei	0.7824	0.9464	247.106	4.3601	0	0	9.0702	0	0	0.6639	0	0	0	0	0	0	0	0	0	4.4658	0	0	62.6043	1.1619	0.0802	0	0	0	0	0.2637	33.3567	0	0	0.1513	0	0.6239	0	0	0.7177	0	0.7691	198.354
Peptoniphilus sp. GNH	0	0	0.2264	0	0	0	0	0	0	0	0	0	0	0	0	0	0	0	0	0	0	0	2.4079	0	0	0	0	0	0	0	0	0	0	0	0	0	0	0	1.3158	0	0	0
Peptoniphilus sp. SAHP1	0	0	26.035	0.3633	0	0	0.4371	0	0	0	0	0	0	0	0	0	0	0	0	0	0	0	0	0	0	0	0	0	0	0	29.8876	0	0	0	0	0	0	0	0.4785	0	0	91.7202
Peptostreptococcus anaerobius	0	0	0	0	0	0	0	0	0	0	0	0	0	0	0	0	0	0	0	0	0	0	0	0	0	0	0	0	0	0	0	0	0	0	0	0	0	0	0	0	0	7.1587
Peptostreptococcus sp. CBA3647	0	0	0	0	0	0	0	0	0	0	0	0	0	0	0	0	0	0	0	0	0	0	0	0	0	0	0	0	0	0	0	0	0	0	0	0	0	0	0	0	0	85.6055
Phaeobacter inhibens	0.313	0	0	0	0	0	0	0	0	0	0	0	0	0	0	0.1197	0	0	0	0	0	0	0	0	0	0	0	0	0	0	0	0	0	0	0	0	0	0	0	0	0	0
Phaeovulum veldkampii	0	0	0	0	0	0	0	0	0.6397	0	0	0	0	0	0	0	0	0	0	0	0	0	0	0	0	0	0	3.8848	0	0	0	0	0	0	0	0	0	0	0	0	0	0
Phenylobacterium parvum	10.7975	0	0	0	0	0	0	0	0	0	0	1.789	0	0	0	0	0	0	0	0	0	0	0	0	0	0	0	0	0	0	0	0	0	0	0	0	0	0	0	0	0	0
Phenylobacterium sp. NIBR 498073	6.8854	0	0	0	0	0	0	0	0	0	0	0	0	0	0	0	0	0	0	0	0	0	0	0	0	0	0.6899	0	0	0	0	0	0	0	0	0	0	0	0	0	0	0
Phenylobacterium zucineum	0	0	0	0	2.2962	0	0	0	0	0	0	11.0094	0	0	0	0	0	0	0	0	0	0	0	0	0	0	0	0	0	0	0.5337	0	0	0	0	0	0	0	0	0	0	0
Phnomibacter ginsenosidimutans	0	0	0	0	0	0	0	0	0	0	0	0	0	0	0	0	0	0	0	0	0	0	0	0	0	0	0	0	0	0	0	3.4563	0	0	0	0	0	0	0	0	0	0
Phocaeicola coprophilus	0	0	0	0	0	0	0	0	0	0	0	0	0	0	0	0	0	0	0	0	0	0	0	0	0	0	0	0	0	0	0	1.3825	0	0	0	0	0	0	0	0	0	0
Phocaeicola vulgatus	0	0	0.1132	0	0	0	0	0.9889	0	6.6394	0	0	0	0	0	0	0	0	0	0	0	0	0.301	0	0	0	0	0	0	0	47.233	2.0738	0	0	0	0	0	0	0	0.0988	0	0
Phreatobacter aquaticus	0	0	0	0	0	0	0	0	0	0	1.1874	0	0	0	0	0	0	0	0	0	0	0	0	0	0	0.3426	0	0	0	0	0	0	0	0	0	0	0	0	0	0	0	0
Phreatobacter stygius	0	0	15.055	0	0	0	0	0	0	6.6394	7.1244	0	0	0	0.6056	0	0	0	0	0	0	0	0	0	0	7.0236	0	0	0	0	0	0	0	0	0.4314	0	0	1.3957	0	0	0.1099	0
Phyllobacterium myrsinacearum	0	0	10.6404	0	0	0	0	0	0	0	0	0	0	0	0	0	0	0	0	0	0	0	0	0	3.4487	0.0857	14.4874	0	0	0	0	0	0	0	0	0	9.4828	0	0	0	0	0
Phyllobacterium sp. 628	0	0.1183	0	0	52.9887	0	0	0	0	0	0	0	0	0	0	0	0	0	0	0.1861	0	0	0	0	0	0	0	0	0	0	0	0	0	0	0	0	0	0	0	0	0	0
Phyllobacterium sp. A18/5-2	0	0	0.6792	0	0	0.0941	0	0	0	0	0	0	0	0	0	0	0	0	0	0	0	0	0	0.2905	0	0	0	0	0	0	0	0	0	0	7.3339	0	0	0	0	0	0	0
Phyllobacterium sp. T1293	0	0	0	0	0	0	0	24.0634	0	0	0	0	0	0	0	0	0.1858	0	0	0	0	0	0.9029	0	0	0	0	0	0	0	0	0	1.3807	0	44.4346	0	0	0	0	0	0	0
Phyllobacterium zundukense	0	0	0	0	0	0	0	0	0	0	0	0	0	0	0	0	0.4644	0	0	0	0	0	0	0	0	0	0	0	0	0	0	0	0	0	0	0	2.3707	0	0	0	0	0
Pimelobacter simplex	0	0	0	0	0	0	0	0.9889	0	0	0	0	0	0	0	0	0	0	0	0	0	0	0	0	0	0	0	0	0	0	0	0	0	0	0	0	0	2.592	0	0	0.6593	0
Planococcus halotolerans	0	28.1553	0	0	0	0	0	0	0	0	0	0	0	0	0	0	0	0	0	0	0	0	0	0	0	0	0	0	0	0	0	0	0	0	0	0	0	0	0	0	0	0
Plantibacter flavus	0.1565	0	0	0.3633	0	0	0	0	0	0	0	0	0	0	0	0	0	0	0	0	0.1274	0	0	0	0	0	0	0	0	0	0	0	0	0	0	0	0	0	0	1.087	9.3396	0
Plantibacter sp. M259	0	0	0	0	0	0	0	0	0	0	0	0	0	0	0	0	0	0	0	0	0	0	0	0	0	0	0	0	0	0	0	0	0	0	0	0	0	0	0	0.2964	10.2187	0
Plantibacter sp. PA-3-X8	0	0	0	0.3633	0	0	0	0	0	0	0	0	0	0	0	0	0	0	0	0	0	0	0	0	0	0	0	0	0	0	0	0	0	0	0	0	0	0	0	0.9882	23.2942	0
Pleomorphomonas sp. SM30	0	0	0	0	0	0	0.1093	0	0	0	0	0	0	0	0	0	0	0	0	0	1.5292	0	0	0	0	0	0	0	0	0	0	0	0	0	0.4314	0	0	0	0	0	0	0
Polaromonas naphthalenivorans	0.313	0	0	0	0	0	0	0	0	0	0	0	0	0	0	0	0	0	0	0	0	0	0	0	0	0	0	0	0	0	0	0	0	0	0	0.208	38.3263	0	0	0	0	0
Polyangium aurulentum	0	0	0	0	31.7932	0	0	0	0	0	0	0	0	0	0	0	0	0	0	0	0	0	0	0	0	0	0	0	0	0	0	0	0	0	0	0	0	0	0	0	0	0
Pontibacter actiniarum	0	0	0	0	0	0	0	0	0	0	1.7811	0	0	0	0	0	0	0	0	0	0	0	0	0	0	0	0	0	0	0	0	0	0	0	0	0	0	0	0	0	0	0
Pontibacter kalidii	0	0.1183	0	0	0	0	0	0	0	0	0	0	0	0	0	0	0	0	0	0	0	0	0	0	0	0	0	0	0	0	0	0	0	0	0	2.2877	0	0	0	0	0	0
Pontibacter korlensis	0	0	0	0	0	0	0	0	0	0	2.0779	0	0	0	0	0	0	0	0	0	0	0	0	0	0	0	0	0	0	0	0	0	0	0	0	0	0	0	0	0	0	0
Pontibacter sp. SGAir0037	0	0	0	0	0	1.6935	0	0	0	0	23.7479	0	0	0	0	0	0	0	0	0	0	0	0	0	0	0	0	0	0	0	0	0	0	0	0	0	0	0	0	0	0	0
Porphyromonas asaccharolytica	0.6259	0	0	0	0	10.6314	0	0	0	0	0	0.1376	0	0	0	0	0	0	0	0	0	0	125.51	0.2905	0	0	0	0	0	0	0	0	0	0	3.4512	0	0	0	0	0	0	69.2003
Porphyromonas cangingivalis	0	0	0	0	0	0	0	0	0	0	0	0	0	0	0	0	0	0	0	0	0	0	0	0	0	0	0	0	0	0	0	1.3825	0	0	0	0	0	0	0	0	0	0
Porphyromonas crevioricanis	0	0	0	0	0	0	0	0	0	0	0	0	0	0	0	0	0	0	0	0	0	0.6724	0	0	0	0	0	0	0	0	0	0	0	0	0	0	0	0	0	0	0	0
Porphyromonas somerae	0	2.1294	0	0	0	0	25.0249	0	0	0	0	0	0	0	0	0	0	0	0	0	0	0	17.156	0.2905	0	0	0	0	0	0	0	0	0	0	0	0	0	0	0	0	0	58.6114
Porphyromonas sp. oral taxon 275	0	0	0	0	0	0	0	0	0	0	0	0	0	0	0	0	0	0	0	0	0	2.2412	0	10.7476	0	0	0	0	0	0	0	0	0	4.5388	0	0	0	0	0	0	0	1.3423
Prescottella equi	0.7824	0.1183	6.4522	0.7267	0	0	0	0	0	1.9918	0	0	0	0	0.2019	0.359	0	0	0	0	0	0.6724	0	0.5809	0.2406	0.1713	0	0	0	0	0.8006	0	0	0	0	0	0	3.9878	0	0.1976	0	2.3862
Prevotella bivia	0	0	0	0	0	0	0	0	0	0	1.1874	0	0	0	0	0	0	0	0	452.158	0	0	0	0	0	0	0	0	0	0	0	0	0	0	0	0	0	265.884	0	0	0	0
Prevotella communis	0	0	0	0	0	0	0	0	0	0	0	0	0	0	0	0	0	0	0	0	0	0	0	0	0	0	0	0	0	0	0.8006	0	0	0	0	0	0	0	0	0	0	0
Prevotella corporis	0	0	0	0	0	0	0	0	0	0	0.2968	0	0	0	0	0	0	0	0	0	0	0	18.0589	0	0	0	0	0	0	0	0	0	0	0	0	0	0	2.8911	0	36.4631	0	22.5199
Prevotella denticola	0	0	0	0	0	0	0	0	0	0	0	0	0	0	0	0	0	0	0	0.1861	0	0	0	0	0	0	0	0	0	0	0	0	0	0	0	0	0	0	0	0.3953	0	0.8948
Prevotella intermedia	0	0	0.1132	0	0	0	0	0	0	0	0	0	0	0	0	0	0	0	0	0.3721	0	0	0	0	0	0	0	0	0	0	0	0	0	0	0	0	0	0	0	0	0.1099	0
Prevotella jejuni	0	0	0	0	0	0	0	0	0	0	0	0	0	0	0	0	0	0	0	0	0	0	0	0	0	0	0	0	0	0	0	0	0	0	0	0	0	186.029	0	0	0	0
Prevotella melaninogenica	0	0	0	0	0	0	0	0	0	0	0	0	0	0	0	0	0	0	0	0	0	0	0	0	0	0	0	0	0	0	9.8736	0	0	0	0	0	0	4.885	0	0	0	12.5276
Prevotella sp. oral taxon 299	0	0	0	0	0	0	0	0	0	0	0	0	0	3.7209	0	0	0	0	0	22.3288	0	0	0	0	0	0	0	0	50.4321	0	0	7.6039	0	0	0	0	0	0	0	0	0	0
Prevotella veroralis	0	0	0	0	0	0	0	0	0	0	0	0	0	0	0	0	0	0	0	0	0	0	0	0	0	0	0	19.424	0	0	0	0	0	0	0	0	0	0	0	0	0	0
Priestia megaterium	0	95.8227	0	0	0	0.0941	0	0	0	0	0	0	0	0	0	0	0	0	0	0	0	0	0	0	0	0	0	0	0	0	0	0	0	0	0	0	15.8047	2.3927	0	0.7905	0.1099	0
Propionibacterium freudenreichii	0	0.5915	3.7355	0	0.3533	4.0456	0.1093	0	0	0	0	0	0	0	0	0	0	0	0	0	0	0.2241	0	0	0	0	0	0	0	0	0	0	1.1506	0	0	0	0	0	0	0.6917	0	0.2983
Propioniciclava coleopterorum	0	0	0	0	0	0	0	0	0	0	0	1.1009	0	0	0	0	0	0	0	0	0	0	0	0	0	0	0	0	0	0	0	0	0	0	0	0	0	0	0	0	0	0
Protaetiibacter larvae	0	0	0	0	0	0	0	0	0	0	0	18.4407	0	0	0	0	0	0	0	0	0	0	0	0	0	0	0	0	0	0	0	0	0	0	0	0	0	0	0	0	0	0
Pseudarthrobacter chlorophenolicus	0	0	0	0	5.2989	0	0	0	0	0	0	0	0	0	0	0	0	0	0	0	0	0	0	0	0	0	0	0	0	0	0	0	0	0	0	0	0	0	0	0	0	0
Pseudarthrobacter phenanthrenivorans	0	0	0	0.3633	80.8961	0	0	0	0	0	0	0	0	0	0	0	0	0	0	0	0	0	0	0	0	0	0	0	0	0	0	0	0	0	0	0	0	0	0	0	0	0
Pseudarthrobacter psychrotolerans	0	0	0	0	10.0679	0	0	0	0	0	0	0	0	0	0	0	0	0	0	0	0	0	0	0	0	0	0	0	0	0	0	0	0	0	0	0	0	0	0	0	0	0
Pseudarthrobacter sp. BIM B-2242	3.9122	0	0	0	3.356	0	0	0	0	0	0	0	0	0	0	0	0	0	0	0	0	0	0	0	0	0	0	0	0	0	0	0	0	0	0	0	0	0	0	0	0	0
Pseudarthrobacter sp. Fe7	0	0	0	0	2.2962	0	0.2186	0	0	0	0	0	0	0	0	0	0	0	0	0	0	0	0	0	0	0	0	0	0	0	0	0	0	0	0	0	0	0	0	0	0	0
Pseudarthrobacter sp. L1SW	0	0	0	0	3.7092	0	0	0	0	0	0	0	0	0	0	0	0	0	0	0	0	0	0	0	0	0	0	0	0	0	0	0	0	0	0	0	0	0	0	0	0	0
Pseudarthrobacter sp. NBSH8	0	0	0	0	15.0135	0	0	0	0	0	0	0	0	0	0	0	0	0	0	0	0	0	0	0	0	0	0	0	0	0	0	0	0	0	0	0	0	0	0	0	0	0.8948
Pseudarthrobacter sp. NIBRBAC000502770	0	0	0	0	2.6494	0	0.2186	0	0	0	0	0	0	0	0	0	0	0	0	0	0	0	0	0	0	0	0	0	0	0	0	0	0	0	0	0	0	0	0	0	0.1099	0
Pseudarthrobacter sp. NIBRBAC000502771	0	0	0	0	3.8858	0	0	0	0	0	0	0	0	0	0	0	0	0	0	0	0	0	0	0	0	0	0	0	0	0	0	0	0	0	0	0	0	0	0	0	0	0
Pseudarthrobacter sp. NS4	0	0	0	0	6.7119	0	0	0	0	0	0	0	0	0	0	0	0	0	0	0	0	0	0	0	0	0	0	0	0	0	0	0	0	0	0	0	0	0	0	0	0	0
Pseudarthrobacter sp. SSS035	0	0	0	0	3.356	0	0	0	0	0	0	0	0	0	0	0	0	0	0	0	0	0	0	0	0	0	0	0	0	0	0	0	0	0	0	0	0	0.0997	0	0	0	0
Pseudoalteromonas sp. JSTW	0	0	0	0	0	0	0	0	0	0	0	0	0	0	0	0	0	0	0	0	0	0	0	0	0	0	0	0	0	0	0	0	0	0	3.4512	0	0	0	0	0	0	0
Pseudoalteromonas tunicata	0	0	0	0	0	0	0	0.1648	0	0	0	0	0	0	0	0	0	0	0	0	0	0	0	1.1619	0	0	0	0	0	0	0	0	0	0	0	0	0	0	0	0	0	0
Pseudobacter ginsenosidimutans	0	0	0	0	0	0	0	0	0	0	0	0	0	0	0	0	0	0	0	0	0	0	0	0	0	0	0	0	0	2.285	0	0	0	0	0	0	0	0	0	0	0	0
Pseudobacter sp.	0	0	0	0	0	0	0	0	0	0	0	0	0	0	0	0.1197	0	0	0	0	0	0	0	0	0	0	0	0	0	0.8789	0	0	0	0	0	0	0	0	0	0	0	0
Pseudoclostridium thermosuccinogenes	0	0	0	0	0	0	0	0	0	0	0	0	0	0	0	0	0	0	0	0	0	0	0	0	0	0	0	0	0	0	0	0	0	0	0	0	0	0	0	0	0	8.9483
Pseudoduganella albidiflava	0.6259	7.4529	0	5.0868	0	0	0	0	0	0	0	0	0	0	0	0	0	0	0	0	0	0	0	0	0	0	0	0	0	0	0	0	0	0	0	0	0.7902	0	0	0	0.1099	0
Pseudoduganella aquatica	0.1565	0.3549	0	6.1768	0	0	0	0	0	0	0	0	0	0	0	0	0	0	0	0	0	0	0	0	0	0	0	0	0	0	0	0	0	0	0	0	0	0	0	0	0.4395	0
Pseudoduganella armeniaca	0.1565	0.4732	0	5.0868	0	0	0	0	0	0	0	0	0	0	0	0	0	0	0	0	0	1.793	0	0	0	0	0	0	0	0	0	0	0	0.1513	0	0	0.3951	0	0	0	0	0
Pseudoduganella chitinolytica	0	0.7098	0	3.9967	0	0	0	0	1.2793	0	0	0	0	0	0	0	0	0	0	0	0	0	0	0	0	0	0	0	0	0	0	0	0	0	0	0	0	0	0	0	0.6593	0
Pseudoduganella lutea	0	18.573	0	0.7267	0	0	0	0.1648	0	0	0	0	0	0	0	0	0	0	0	0	0	0	0	0	0	0	0	0	0	0	0	0	0	0	0	0.208	1.1854	0	0	0	0.6593	0
Pseudoduganella sp. SL102	0	11.7117	0.1132	1.8167	0	0	0	0	0.6397	0	0	0	0	0	0	0	0	0	0	0	0	0	0	0	0	0	0	0	0	0	0	0	0	0	0	0	0.3951	0	0	0	0.1099	0
Pseudoduganella umbonata	0.4695	14.4325	0.1132	2.5434	0.1766	0	0	0	3.1983	0	0	0	0	0	0	0	0	0	0	0	0	0	0	0	0	0.257	0	0	0	0	0	0	0	0	0	0	1.5805	0	0	0.0988	1.6482	0
Pseudoglutamicibacter albus	0	0	0	0	0	0	0	0	0	0.6639	0	0	0	0	0	0	0	0	0	0	0	0	0	0	0	0	0	0	0	0	0	0	0	0	0	0.208	0	0	0	0	92.0779	0
Pseudomonas aeruginosa	206.405	16266.3	18.4509	9.0835	8.6548	1.7876	1.8577	4.2853	30.0642	13.9428	2.6716	0.6881	11.4215	0.1431	0.8074	0.9574	0	0	0	0	0.3823	0	0.301	5.519	2.4863	2.0557	0	1.0595	0	1.9335	0.8006	2.765	6.2132	8.3211	0.4314	3.3275	13.0388	1.3957	0	59.6848	6.2631	13.1242
Pseudomonas alcaligenes	0.1565	0.1183	8.1501	0	0	0	0.1093	1.1537	0	0	0	0	0	0	0	0	0	0	0	0	0	0	0	0	0	0	0	0	0	0	0	0	0	0.1513	0	0	0.3951	0.0997	0	0.3953	0	0
Pseudomonas allokribbensis	73.0789	0	0	0	0	0	0	0	0	0	0	0	0	0	0	0	0	0	0	0	0	0	0	0	0	0	0	0	0	0	0	0	0	0	0	0	0	0	0	0	0	0
Pseudomonas asiatica	2.0343	0.8281	0	0.3633	0	0	0	0.9889	0	0	0.2968	0	0	0	0	0	0	0	0	0	0	0	0	0	0	0	0	0	0	0	0	0	0.2301	0.1513	0	0	3.5561	0.1994	0	0.1976	0.1099	0.2983
Pseudomonas benzenivorans	0	0	0	0	0	0	0	0	0	0	0	0	0	0	0	0	0	0	0	0	0	0	0	0	0	0	0	0	0	0	0	0	3.6819	0	0	0	0	0	0	0	0	0
Pseudomonas campi	0	0	0	0	0	0	0	1.1537	0	0	0	0	0	0	0	0	0	0	0	0	0	0	0	0	0	0	0	0	0	0	0	0	0	0	0	0	0	0	0	0	0	0
Pseudomonas cavernae	0	352.414	0	0	0	0	0	0	0	0	0	0	0	0	0	0	0	0	0	0	0	0	0	0	0	0	0	0	0	0	0	0	0	0	0	0	0	0.0997	0	0	0	0
Pseudomonas chengduensis	0.7824	0.1183	0.1132	0	0	0	0	0	0	0	0	0	0	0	0	0	0.0929	0	0	0	0	0	0	0	0	0	0	0	0	0	0	0	0	0	0	0	0	0.4985	0	0	0.9889	0
Pseudomonas chlororaphis	90.1359	17.39	0.9056	10.5368	9.0081	0.1882	0.8742	28.8432	0	0	0	0.4129	1.2237	0	0.2019	0.2394	0	0	0	0	0	0.4482	0	3.1952	0	0.257	0	0.1766	0	0.1758	0	0	2.3012	0	1.7256	0.4159	16.99	0	0	20.3561	3.4062	4.7724
Pseudomonas citronellolis	0	0.8281	0.6792	0	0	0	0	0.4945	0	0	0.2968	0	0	0	0	0	0	0	0	0	0	0	0	0	0	0	2.7595	0	0	0	0	0	0	0	2.5884	0.208	0	0	0	0.0988	0	0
Pseudomonas corrugata	4.8511	0.4732	0	0.3633	0.3533	0	0.2186	0.1648	0	0	0	0.8257	0	0	0	0.718	0	0	0	0	0	0	0	0.2905	0	0	0	0	0	0	0	0	0	0	0	0	0	0	0	0	1.5383	0
Pseudomonas denitrificans (nom. rej.)	0	0	0.9056	0	0	0.2822	0.1093	0.9889	0	0	0.8905	0.5505	0	2.0035	0	0	0	0	0	0	0	0	0	0.2905	0.0802	0.8565	0.6899	0	2.2924	0.0879	0	0	0	0.6052	0	0.208	0	0	0	0	0	0.5966
Pseudomonas extremaustralis	2.1908	0	0	0	0.5299	0	0	0	0	0	0	0	0	0	0.2019	0	0	0	0	0	0	0	0	0	0	0	0	0	0	0	0	0	0	0.1513	0	0	0	0	0	0	0.1099	0
Pseudomonas fluorescens	99.2121	15.024	9.0557	46.5074	102.975	5.5509	53.7652	10.5484	3.838	3.3197	0.8905	2.2019	11.8294	0.7156	5.45	0.1197	0.6502	0	0	0.1861	0.892	21.7401	0.301	3.1952	105.306	1.7987	0	12.8905	2.2924	2.4608	0	1.3825	3.6819	6.9594	0.8628	4.3673	2.7658	12.7608	0.4785	4.9408	9.1199	13.7207
Pseudomonas fragi	1562.67	26.4991	1.5847	0.7267	0	0.0941	0.3278	0	0	0	0	0	0	0.1431	0	0	0	0	0	0	0	11.8786	0	0	0	0	0	0	0	0	0	0	0	0.1513	0	0	0.3951	0.0997	0	0	0.3296	0
Pseudomonas graminis	0.4695	0	0	14.5336	0	0	0	0	0	0	0	0	0	0	0	0	0	0	0	0	0	0	0	0	0	0	0	0	0	0	0	0	0	0	0	0	0	0	0	0	0	0
Pseudomonas knackmussii	0	0.8281	0	0	0	0.1882	0.2186	3.626	0	0	0	0	0	0	0	0	0	0	0	0	0	0	0	0	0	0	0	0	0	0	0	2.765	0	0	6.0397	0	0	0.1994	0	0	0	0
Pseudomonas koreensis	4.6946	0.5915	0.2264	0.3633	0.1766	0	0	0	0	0	0	0	2.8554	0	0	0	0	0	0	0	0	0.2241	0	12.1999	0	0	0	0	0	0	0.2669	0	0.6904	0	0	0	0	0	0	0.1976	0	0
Pseudomonas libanensis	0.313	0	0	0	3.7092	0.3763	0.2186	0	0	0	0	0	0	0	0.2019	0	0	0	0	0	0	0	0	0	0	0	0	0	0	0	0	0	0.2301	0	0	0	0	0	0	0.0988	0	0
Pseudomonas mendocina	4.5381	91.6822	0.2264	0.7267	0.8831	0	0.5464	0	0	0	0	0	0	0.1431	0	0	0	0	0	0	0	0	0	0	0	0.257	0	0	0	0	0	0	0.4602	0	0.8628	0	3.1609	0.5982	0	0.1976	0	0
Pseudomonas monteilii	45.0679	36.7912	0	0	0	0	0	0	0	0	0	0.1376	0	0	0	0	0	0	0	0	0	0	0	0	0	0	0	0	0	0	0	0	0	0	0	0	0	0	0	0	0.1099	0.5966
Pseudomonas moraviensis	3.2862	0.2366	0.2264	4.3601	0.5299	0	0	0.9889	0	0	0	0	0	0	0	0	0	0	0	0	0	0	0	0	0	0	0	0	0	0	0	0	0.4602	0	0	0	0	0	0	0	0	0
Pseudomonas multiresinivorans	1.0954	0.4732	11.546	3.6334	17.3097	7.4326	9.2887	17.3059	45.4161	32.5331	1.7811	1.6514	0.8158	0.4293	1.0093	0	0.0929	0.0463	0	0.1861	0.6372	2.6895	0.602	0.8714	0.7218	5.9101	3.4494	0	45.8474	1.4941	1.3343	1.3825	1.841	4.2362	3.0198	5.8231	0.3951	2.6917	0.2392	2.5692	6.1532	17.0018
Pseudomonas nitroreducens	17.9959	1.3013	9.2821	30.8838	56.6979	52.0279	14.8619	10.3835	86.9942	15.9346	6.2338	3.1652	16.3165	1.1449	1.413	0.2394	0.2787	0.0463	0.3361	0.1861	8.1559	2.6895	0.301	4.3571	2.4061	10.2784	4.8291	0	0	5.7126	1.868	18.664	2.7614	7.8672	94.0461	5.6151	1.5805	12.063	0.5981	6.2254	11.4273	3.8776
Pseudomonas oleovorans	0.4695	0	0.6792	0	0.1766	0	0.2186	0	0	0	0	0	0	0	0	0	0	0	0	0	0	0	0.602	0	0	0	0	0	0	0	0.2669	0	0.4602	0	0	0.4159	0	0.4985	0.1196	0	0.7691	0
Pseudomonas orientalis	6.5724	0.2366	0	1.4534	0	0	0	0	0	0	0	0	0	0	0	0	0	0	0	0	0	0	0	0	0	0	0	0	0	0	0	0	4.1421	0	0	0	0	0	0	0	0.3296	0.1491
Pseudomonas oryzae	0	0.1183	0	0	0	0	0	0	0	0	0	0	0	0.4293	0	0	0	0	0	0	0	0	0	0	0	0.1713	0	0	0	0	0	0	0	0	0	0	0	0	0	0	0	0
Pseudomonas oryzihabitans	0	0.7098	0.1132	0	0	0	0	0	0	0	0	0	0	0	0	0	0	0	0	0	0	0	0	0	0	0	0	0	0	0	0	0	0	0	7.3339	0	1.1854	0	0	0	0	0
Pseudomonas parafulva	0.1565	0.7098	0.1132	0	0	0	0.5464	0	0	0	0	0	0	0.2862	0	0	0	0	0	0	0	0	0	0	0	0	0	0	0	0	0	0	0.2301	1.3616	0.4314	0	4.3463	0	0	0	0	0
Pseudomonas paralcaligenes	0	0	0	0	0	0	0	0	0	0	0	0	0	0	0.2019	0	0	0	0	0	0	0	0	0	0	0	0	0	0	0	0	0	0	0	0	0	0	0	0	0.0988	0	0
Pseudomonas poae	6.2594	0	0	0	0.3533	0	0	0	0	0	0	0	0	0	0	0	0.0929	0	0	0	0	0	0	0	0	0.0857	0	0	0	0	0	0	0	0	0	0	0	0	0	0	0.1099	0
Pseudomonas protegens	61.8119	11.83	0.6792	2.18	3.1793	0.1882	0.5464	1.3186	0	0.6639	0.2968	0	2.0396	0	0	0	0.1858	0	0	0	0.2549	0.4482	0	0.5809	0.0802	0.1713	0.6899	0	0	0.4394	0	0.6913	2.0711	0.4539	0	0	1.1854	0.2991	0	0.4941	0.5494	0.7457
Pseudomonas putida	96.0823	103.276	2.4903	15.6236	1.5897	4.2337	2.8413	1.9778	3.1983	0	0.5937	0.8257	2.4475	0.2862	0	0.8377	0	0	0	0	0.3823	0.2241	0.301	0.5809	0	0.8565	15.1773	0.8829	4.5847	0.3515	0	0.6913	5.2927	1.8155	0.8628	0	7.5072	0.9969	0.2392	11.6603	2.9667	19.5371
Pseudomonas rhizosphaerae	5.0076	0.3549	0	0	0	0	0	0	0	0	0	0	0	0	0	0	0	0	0.048	0	0	0.6724	0	0	0	0	0	0	0	0	0	0	0	0	0	0	0	0	0	0	0	0
Pseudomonas sp.	0.4695	0.1183	0	0	0	0	0	0.1648	0	0	0	0	0	0	0	0	0	0	0	0	0	0	0	0	0	0.0857	0	0	0	0	0	0	0	0	0	0	0	0	0	0	5.1643	0
Pseudomonas sp. ABC1	0	0	0	0	0	0	0	0	0	0	0	0	0	0	0	0	0	0	0	0	0	0	0	0	0	0	0	0	0	0	0	0	0	0	0	0	0	0	0	0	10.1088	0
Pseudomonas sp. Ap32	0	0	0	0	0	2.6343	0	0	0	0	0	0	0	0	0	0	0	0	0	0	0	0	0	0	0	0.257	0	0	0	0	0	0	0	0	0	0	0	0	0	0	0	0
Pseudomonas sp. ATCC 13867	537.999	0	0.1132	0.7267	0	0.0941	0	0	0	0	0	0	0	0	0	0	0	0	0	0	0	0	0	0	0.2406	0	0	0	0	0	0	0	0	0	0	0	0	0	0	0	0.2198	0
Pseudomonas sp. CFSAN084952	0	0	0.1132	0	0	0	0	0	0	0	0	0	0	0	0	0	0	0	0	0	0	0	0	0	0	0	0	0	0	0.0879	0	0	0	0.1513	0	0	0	30.606	0	0.0988	0	0
Pseudomonas sp. G11	0	0	0.4528	0	0.3533	0.1882	0.6557	0.3296	2.5587	0	0.2968	0.2752	0	0	0	0	0	0	0	0	0	0	0.301	0	1.203	0.3426	0	0	0	0.0879	0	0	0.2301	0.3026	0	0.6239	0.3951	0.2991	0	0.3953	0.6593	0
Pseudomonas sp. gcc21	0.1565	0.4732	0	0	0	0	0	0	0	0	0	0	0.8158	0	0	0	0	0	0	0	0	0	0	0	0.0802	0	0	0	0	0	0	0	0	0	0	0	0	0	0	0	0	0
Pseudomonas sp. GCEP-101	0.1565	0.2366	0.566	0	0.3533	12.6071	0	0	1.2793	0	0	0	0	0	0	0	0	0	0	0	0.1274	0	0	0	0	0.5139	0	0	0	0.1758	0	0	0	0.4539	0	0	0	0	0	0.0988	0.3296	0
Pseudomonas sp. HS-18	0.1565	0	1.8111	1.09	20.8422	5.7391	2.9505	1.4834	0	0	1.1874	0.1376	0.4079	0	0	0	0	0	0	0	3.3133	0	0.301	0.2905	0.401	1.0278	0	0	0	0.791	0	0	0.6904	0.9078	0	1.0398	0	0.4985	0.1196	0.6917	2.1976	0.4474
Pseudomonas sp. J380	121.433	0	0.4528	0	0	0	0	0	0	0	0	0	0	0	0	0	0	0	0	0	0	0	0	0	0	0.0857	0	0	0	0	0	0	0	0	0	0	0	0	0	0.1976	0	0
Pseudomonas sp. J452	1.0954	0	0.2264	0	0	0	0	0	0	0	0	0	0	0	0	0	0	0	0	0	0	0	0	0	0	0	0	0	0	0	0	0	1.6108	0	0.8628	0	0	0	0	0	0	0
Pseudomonas sp. LBUM920	0	0	0	0	7.5951	0	0	0	0	0	0	0	0	0	0	0	0	0	0	0	0	0	0	0	0	0	0	0	0	0	0	0	0	0	0	0	0	0	0	0	0	0
Pseudomonas sp. LPB0260	0	0	0	0	0	0	0	0	0	0	0	0	0	0	0.2019	0	0	0	0	0	0	0	0	0	0	0	0	0	0	0	0	1.3825	85.1437	0	0	0	0	0	0	0	0	0
Pseudomonas sp. LS1212	0	0	0	0.3633	0	0	0	0	0	0	0	0	0	0	0.2019	0	0	0	0	0	0	0	0	0	0	0	0	0	0	0	0	0.6913	20.2504	0	0	0	0	0	0	0	0	0
Pseudomonas sp. M30-35	161.337	0	0	0	0	0	0	0	0.6397	0	0	0	0	0	0	0	0	0	0	0	0	0	0	0	0	0	0	0	0	0	0	0	0	0	0	0	0	0	0	0	0	0
Pseudomonas sp. MTM4	0	0	0	0	0	0	0	0	0	0	0	0	0	0	0	0	0	0	0	0	0	0	0	0	0	0	0	0	0	0.0879	0	2.0738	0	0.1513	0	0	0	0	0	0	0.1099	0
Pseudomonas sp. MYb193	0.7824	0.1183	0	0	0	0	0.1093	0	0	0	0	0	0	0	0	0	0	0	0	0	0	0	0	0	1.2832	0	0	0	0	0	0	0	0.2301	0	0	0	0	0	0	0	0	0
Pseudomonas sp. NS1(2017)	197.642	0	0	0	0	0	0	0	0	0	0	0	0	0	0	0	0	0	0	0	0	0	0	0	0	0	0	0	0	0	0	0	0	0.1513	0	0	0	0	0	0	0	0
Pseudomonas sp. OIL-1	0	0	0	0	0	0	0	0	0	0	0	0	0.4079	0.1431	0	0	0	0	0	0	0	0	0	0	0	0	0	0	0	0	0	0	0	0	0	0	0	0	0	0.0988	0	0
Pseudomonas sp. PDNC002	0	0.1183	1.3584	5.4501	0.1766	0.3763	0.3278	3.4612	0.6397	0.6639	0	0	0	0	0	0.1197	0	0.0463	0	0	0	0	0	0.8714	0.2406	0.4283	4.1393	0	0	0.2637	0	0	0.4602	1.0591	0.4314	0.208	0	0	0	0.8893	1.9778	1.1931
Pseudomonas sp. R5-89-07	0	0	0	0.7267	0	0	0	0	0	0	0	0	0.8158	0	0	0	0	0	0	0	0	0	0	0	0	0	0	0	0	0	0	0	0	0	0	0	0	0	0	0	0	0
Pseudomonas sp. R84	0.313	0	0	0	0	0	0	0	0	0	0	0	0.4079	0	0	0	0	0	0	0	0	0	0	0	0	0	0	0	0	0	0	0	0	0	0	0	0	0	0	0	0	0
Pseudomonas sp. SCB32	29.5758	0.2366	0	0	0	1.0349	0	0.4945	0	0	0	0	0	0	0	0	0	0	0	0	0	0	0	0	0	0.0857	0	0	0	0	0	0	0	0	0	0.4159	0	0.0997	0	0	0	0
Pseudomonas sp. SWI44	0.4695	28.5102	0	0	0	0	0	0	0	0	0	0	0	0	0	0	0	0	0	0	0	0	0	0	0	0	0	0	0	0	0	0	0	0	0	0	0	0	0	0	0	0
Pseudomonas sp. TKP	0.1565	0	5.9994	0	3.356	122.402	0.4371	0.9889	9.595	7.3034	1.4842	0	43.2387	0	0.2019	0	0	0.5561	0.048	0.5582	0.2549	0	0	0.2905	2.0051	0.4283	15.8672	0	0	0.6152	0.2669	0.6913	0.4602	0.7565	0	1.4558	0.3951	1.4954	2.512	0.9882	2.0877	0.1491
Pseudomonas sp. Tri1	0	0	0	0	0	0	0	0	0	0	0	0	4.0791	0	0	0	0	0	0	0	0	0	0	0	0	0	0	0	0	0	0	0	0	0	0	0	0	0	0	0	0	0
Pseudomonas synxantha	26.9156	2.4843	0.2264	2.9067	0.1766	0	0.1093	0.4945	0	0	0	0	0.8158	0	0.4037	0	0	0	0	0	0	0	0	0	0	0	0	0	0	0.0879	0	0	82.6124	0.3026	0	0	0.7902	0	0	0.1976	0	0
Pseudomonas syringae	88.571	75.7117	0.9056	12.7169	0.7065	0	0.5464	5.6038	0.6397	0	0	0	0	0.1431	6.4592	0.8377	0	0	0	0	0	1.1206	0	4.6476	0	0	0	0.1766	0	0	0	34.563	101.482	0	5.1769	0.208	3.1609	0.1994	0	2.4704	1.4284	1.4914
Pseudomonas tolaasii	0.1565	0	0	0.7267	0	1.5053	0.1093	0.4945	0.6397	0	1.1874	0	0	0	0	0	0	0	0	0	0	0	0	0	0.6416	0.0857	0.6899	0.1766	0	0.7031	0	0	0.9205	0	0	1.6637	0	1.0966	0	1.2846	0	0.2983
Pseudomonas triclosanedens	2.8168	0	0.1132	0	0	9.4083	0	0	0	0	0	0	0	0	0	0	0	0	0	0	0	0	0	0	0	0	0	0	0	0	0	0	0	0	0	0	0	0	0	0	0	0.1491
Pseudonocardia broussonetiae	0	0	0	0	0	0	0	0	0	0	0	0	0	0	0	0	0	0	0	0	0	0	0	0	0	0.0857	0	0	0	0	15.2106	0	0	0	0	0	0	0	0	0	0	0
Pseudonocardia dioxanivorans	0.1565	0	0	0	0	0	0	0.1648	0	0	0	0	0	0	0	0	0	0	0	0	0	0	0	0.5809	0	0	0	0	0	0	0.5337	0	0	0	0	0	0	0	0	0	0	0
Pseudonocardia petroleophila	0	0	0	0	0	0	0	0	0	0	0	0	0	0	0	0	0	0	0	0	0	0	0	0.2905	0	0	0	0	0	0	52.3032	0	0	0	0	0	0	3.1902	0	0	0	0
Pseudonocardia sp. DSM 110487	0	0	0	0	0	0	0	0	0	0	0	0	0	0	0	0	0	0	0	0	0	0	0	0	0	0	0	0	0	0	4.0028	0	0	0	0	0	0	0	0	0	0	0
Pseudorhodobacter turbinis	0.4695	0	0	7.2668	0	0	0	0	1.2793	0	0	0	0	0	0	0	0	0	0	0	0	0	0	0	0	0	0	0.7063	0	0	0	0	0	0	0	0	0	0.2991	0	0	1.2087	0.1491
Pseudosulfitobacter pseudonitzschiae	0	0	0	0	0	0	0	0	0	0	0	0	0	0	0	0	0	0	0	0	0	0	0	0	0	0	0	0	0	0	0	0	0	26.3249	0	0	0	0	0	0	0	4.0267
Psychrobacter alimentarius	280.266	0	0	0	0	0.0941	0	0	0	0	0	0.4129	0	0	0	0	0	0	0	0	0	0	0	0	0	0	0	0	2.2924	0	0	0	0	0	0	0	0	0	0.2392	1.7787	0	0
Psychrobacter arcticus	40.2169	0	0	0	0	0	0	0	0	0	0	0.2752	0	0	0	0	0	0	0	0	0	1.793	0	0	0	0	0	0	0	0	0	0	0	0	0	0	0	0	0	0.8893	0	0
Psychrobacter arenosus	5.9465	0.3549	0	0	0	0	0	0	0	0	0	0	0	0	0	0	0	0	0	0	0	0	0	0	0	0	0	0	0	0	0	0	0	0	0	0	0	0	0	7.2136	0	0
Psychrobacter cryohalolentis	87.7886	0.1183	0	0	0.5299	0	0.1093	0	0	0	0	0.5505	0	0	0	0	0	0	0	0	0	0	0	22.9475	0.0802	0	0	0	0	0.1758	0	0	0	0	0	0	0	0	0.1196	20.4549	0	0
Psychrobacter immobilis	0	0	0	0	0	0	0	0	0	0	0	0	0	0	0	3.1116	0	0	0	0	0	0	0	0	0	0	0	0	0	0	0	0	0	0	0	0	0	0	0	0	0	0
Psychrobacter sanguinis	24.8813	0	1.0188	0	0	0	0	0	0	0	0	0	0	0.1431	0	0	0	0	0	0	0	0	0	0	0	0	1.3798	0	0	0	0	0	0	0	0	0	0	0	0	10.7709	0	0
Psychrobacter sp. 28M-43	308.277	0	0	0	0	0.1882	0	0	0	0	0	0	0	0	0	0	0	0	0	0	0	0	0	0.5809	0	0	0	0	0	0	0	0	0	0	0	0	0	0	0	0.2964	0	0
Psychrobacter sp. ALBL_191	106.567	0	0.3396	0	0	0	0	0	0	0	0	0	0	0	0	0	0	0	0	0	0	0	0	0	0	0	0	0	0	0	0	0	0	0	0	0	0	0	0	0	0	0
Psychrobacter sp. G	95.9259	0.1183	0	0	0	0	0	0	0	0	0	0	0	0	0	0	0	0	0	0	0	0	0	0	0	0	0	0	0	0	0	0	0	0	0	0	0	0	0	2.174	0	0
Psychrobacter sp. PAMC27889	1642.32	0.1183	0	0	0	0	0	0	0	0	0	0	0	0	0	0	0	0	0	0	0	0	0	0	0	0	0	0	0	0	0	0	0	0	0	0	0	0	0	20.8502	0	0
Psychrobacter sp. SC65A.3	9.7021	0	0	0	0	0	0	0	0	0	0	0	0	0	0	0	0	0	0	0	0	0	0	0.8714	0	0	0	0	0	0	0	0	0	0	0	0	0	0	0	1.1858	0	0
Psychrobacter sp. WB2	11.4235	0	0	0	0	0	0	0	0	0	0	0	0	0	0	0	0	0	0	0	0	0	0	1.1619	0	0	0	0	0	0	0	0	0	0	0	0	0	0	0	0	0	0
Psychrobacter sp. WY6	117.677	0	0	0	0	0	0	0	4.4776	0	0	0.1376	0	0	0	0	0	0	0	0	0	0	0	0	0.0802	0	0	0	0	0.2637	0	0	0	0	0	0	0	0	0.1196	9.9804	0	0
Pullulanibacillus sp. KACC 23026	0	0.4732	0	0	0	0	0	0	0	0	0	0	0	0	0	0	0	0	0	0	0	0	0	0	0	0	0	0	0	0	0	0	15.8782	0	0	0	0	0	0	0	0	0
Pusillimonas sp. T7-7	0	0	0	0	0	0	0	0	0	0	0	0	0	2.8622	0	0	0	0	0	0	0	0	0	0	0	0	0	0	0	0.0879	0	0	0	0	1.2942	0	0	0	0	0	0	0
Pycnacronema caatingensis	0	0	0	0	0	0	0	0	0	0	0	0	0	0	0	0	0	0	0	0	0	0	0	0	0	0	0	0	0	0	0	6.9126	0	0	0	0	0	0	0	0	0	0
Qipengyuania flava	0	0	0	0	0	0	0	0	0	0	0	0	0	0	0	0	1.0218	0	0	0	0	0.2241	0	0	0	0	0	0	0	0	0	0	0	0.3026	1.7256	0	0	0	0	0.0988	0.1099	0
Qipengyuania spongiae	0	0	0	0	0	0	0	0	0	0	0	0	0	0	0	0	0	0	0	0	0	0	0	0.5809	0	0	0	0	0	0	0	0	0	0	0	0	0	0	0	0	0	0
Rahnella aquatilis	876.165	0	0	0.3633	0	0	0	0	0	0	0	0	0	0	0	0	0	0	0	0	0	0	0	0	0	0	0.6899	0	0	0	0	0	0	0	0	0	0	0	0	0	0	0.1491
Rahnella bonaserana	7.5113	0	0	5.0868	0	0	0	0	0	0	0	0	0	0	0	0	0	0	0	0	0	0	0	0	0	0	0	0	0	0	0	0	0	0	0	0	0	0	0	0	0	0
Rahnella inusitata	40.2169	0	0	0	0	0	0	0	0	0	0	0	0	0	0	0	0	0	0	0	0	0	0	0	0	0	0	0	0	0	0	0	0	0	0	0.4159	0	0	0	0	0	0
Rahnella sikkimica	69.0103	0	0	0	0	0	0	0	0	0	0	0	0	0	0	0	0	0	0	0	0	0	0	0	0	0	0	0	0	0	0	0	0	0	0	0	0	0	0	0	0	0
Ralstonia insidiosa	50.8579	25.5527	38.147	87.928	86.3716	79.406	67.9715	8.5705	67.8043	70.3777	0.8905	15.826	2.8554	21.8958	2.8259	2.7525	0.4644	0.7878	0.048	4.0936	27.2712	4.9307	3.9128	16.8475	2.9675	3.2548	42.7724	9.1823	52.7245	3.1639	4.0028	534.344	11.0457	147.207	47.023	96.4971	5.5316	0	0.9569	498.427	50.5439	43.101
Ralstonia mannitolilytica	24.5683	0	4.1882	0	0	0.7527	0.4371	0.4945	0	3.9836	0	0	0	0	0	0	0	0	0	0	0	0	0	0	0.4812	0	0	0	0	0	0	0	0	0	0	0.208	0	1.3957	0.1196	0.0988	0.4395	0.1491
Ralstonia pickettii	1.0954	0	7.5841	41.4206	7.0652	0.5645	81.1942	3.7908	15.9916	1.3279	1.7811	0.2752	0	0	0	0	0.0929	0	0	1.3025	0.2549	0.2241	1.8059	0.5809	105.466	9.7645	7.5887	0	48.1397	0.8789	0.8006	61.5221	0.4602	1.2103	0.4314	27.6597	3.9512	0	0.1196	2.5692	54.3897	16.2561
Ralstonia pseudosolanacearum	1.2519	0	0.2264	0.3633	1.413	0	6.9939	0	0	0	0	0	0	0	0	0.1197	0	0	0	0	0	0	0	0	0	0.0857	0	0	0	0	0	0	0	0.3026	0	0	0	0.0997	0	0.0988	1.2087	0
Ralstonia solanacearum	3.1297	0.2366	0	0.7267	13.2472	0.1882	0.1093	0.3296	0	0	0.8905	0.9633	0	0	0.8074	0	0	0	0	0	0	0	0.301	0	0	0.5139	3.4494	0	0	0.1758	0	0.6913	0.2301	0	0	0.208	1.9756	20.836	0	0.2964	3.2963	0
Ralstonia sp.	0	0	0.1132	0	0	0	0.5464	0.3296	0	5.9755	0	0	0	0	0	0	0	0	0	0	0	0	0	0	0	0.0857	0	0	0	0	0	0	0	0.1513	0	0.208	1.5805	0.0997	0	0.1976	0.7691	0
Ralstonia sp. ALBL_220	0	0	0	0	1.9429	0	1.8577	0	0	0	0	0	0	0	0	0	0	0	0	0	0	0	0	0	0	0	0	0	0	0	0	0	0	0	0	0	0	0	0	0	0	0
Ralstonia wenshanensis	0	0	1.3584	0	0	0.5645	0	0.1648	0	0.6639	0	0	0	0	0	0	0	0	0	0	0	0.2241	0	0	19.4892	0.4283	0	0	0	0	0	0	0	0	0.8628	0.4159	0	0	0	0	0.2198	0.2983
Ramlibacter tataouinensis	0	0	0	0	0	0	0	0	0	0	1.4842	0	0	0	0	0	0	0	0	0	0	0.4482	0	0	0	0.257	0	0	0	0	0	0	0.4602	0	0	0	0	0.1994	0	0.1976	0.3296	0
Raoultella ornithinolytica	183.401	0.4732	0	0	0	0	0	0	0	0	0	0	0	0	0	0	0	0	0	0	0	0	0	0	0	0.257	0	0	0	0.1758	0	0	0	0	0	0.208	0	0.7976	0	0	0	0
Raoultella planticola	612.955	0	0	0	0.1766	0	0	0	0	0	0	0	0	0	0	0	0	0	0	0	0	0	0	0	0	0	0	0	0	0	0	0	0	0	0	0	0	0	0	0	0	0
Raoultella terrigena	2069.21	0.1183	0.2264	0	0	0	0	0	0	0	0.8905	0	0	0	0	0	0	0	0	0	0	0	0	0	0	0	12.4178	0	0	0	0	0	0	0	0	0	0	0	0.1196	0	0.1099	0
Rathayibacter festucae	0	0	0.3396	19.6203	7.2418	0	0	0	0	0	0	0	0	0	0	0	0	0	0	0	0	0	0	0	0	0	0	0	0	0	0	0	0	0	0	0	4.7414	0	0	18.6762	0.5494	0
Reagent-associated lenti-like virus	0	0.1183	0.3396	0	0	0	0	0.6593	2.5587	0	0	0	0	0	0	0	1.3005	0	0	0	0	0	0	0.2905	10.8273	0	0	0	0	0	0	15.2077	0	0	0.4314	0	0	0.9969	0	8.3994	2.8568	0.4474
Rheinheimera mangrovi	4.3816	1.5379	0.3396	0	0	0	17.1568	0	0	5.3115	0	0	0	0.1431	0	0	0	0	0	0	0	0	0	0.2905	0	0.1713	0	0	0	0	0	0	0.2301	0	0	0	0	0	0.1196	0	0	0
Rheinheimera sp. D18	0	0	5.6598	0	0	0	0	0	0.6397	0	0	0	2.0396	0	0	0	0	0	0	0	0	0	0	0	0	0	0	0	0	0	0	0	0	0	0	0	0	0	0	0	0	0
Rheinheimera sp. MM224	6.103	0.7098	0.2264	0	0	0	0.1093	0	0	1.9918	0	0	0	0	0	0	0	0	0	0	0	0	0	0	0	0	0	0	0	0	0	0	0	0	0	0	0	0	0	0	0	0
Rhizobium leguminosarum	2.1908	0	0	0	5.4755	0	0.3278	0	0	0.6639	1.1874	0.9633	0.4079	0	0	0	0	0	0	0	0	0	0	0	0.3208	0	0	0	0	0	0	0	0	0	0	0	3.1609	0	0	0	0	1.3423
Rhizobium oryzihabitans	0	0	0.3396	0	0.1766	0.4704	0.1093	0	0	14.6067	0	0	0	0	0	0	0	0	0	0	0.1274	0	0	0	0	0	0	0	0	0.1758	0	0	0	0	0	0.4159	0	0.0997	0	0.0988	0.6593	0
Rhizobium phaseoli	0.6259	0	0	0	0	0	0	0	0	0	0	0	0	0	0	0	0	0	0	0	0	0	0	0	0.802	0	0	0	0	0	0	0	0	0	0	0	0	0.0997	0	0	0	0.1491
Rhizobium sp. NIBRBAC000502774	0	0	0	0	0	0	0	0.3296	0	0	0	0	0	0	0	0	0	0	0	0	0	0	0	0	0	0	0	0	0	0	0	0	0	0	6.0397	0	0	0	0	0	0	0
Rhizobium sp. S41	0	0	0.1132	0	17.3097	0	0	0	0	0	0	0	0	0	0	0	0	0	0	0	0	0	0	0	0	0	0	0	0	0	0	0	0	0	0	0	0	0	0	0	0	0
Rhizobium sp. WL3	14.3967	0	0	0	0	0	0	0	0	0	0	0.1376	0	0	0	0	0	0	0	0	0	0	0	0	0	0	0	0	0	0	0	0	0	0	0	0	11.8535	0	0	0.0988	0	0.2983
Rhizorhabdus wittichii	3.2862	0	0.4528	1.4534	0	3.6692	1.4206	0	0	0	0	0	0	0	0	0	0	0	0	0	0	10.0856	0	0	0	0	0.6899	0	4.5847	0	0	0	0	0.7565	81.9668	0	0.7902	0	0.4785	79.1516	0.1099	0
Rhizosphaericola mali	0	0	0	0	0	2.1639	0	0	0	0	0	0	0	0	0	0	0	0	0	0	0	0	0	0	0	0	0	0	0	0	0	0	0	0	0	0	0	0	0	0	0	0
Rhodobacter capsulatus	0	0.1183	0	0.7267	0	0	0	0.1648	0	0	0	0	0.4079	0	0	0	0	0	0	0	0	0	0	0	0	0	0	1.7658	0	0	0	0	0	0.1513	2.5884	3.3275	0	0	0	0	1.9778	0
Rhodobacter sp. CZR27	0.1565	0	0	5.0868	0	0	0	0	0	0	0	0	0	0	0	0	0	0	0	0	0	0	0	0	0	0	0	0	0	0	0	0	0	0	0	0	0	0	0	0	0	0
Rhodococcus aetherivorans	0	0	0.1132	0	0	0	0	0	0	0	0	0	0	0	0.2019	0	0	0	0	0	0	0	0	0	0	0	0	0	0	0	0	0	0	0	0	0	0	0.7976	0	0.0988	0	0.1491
Rhodococcus erythropolis	0.4695	0	8.4897	0.3633	0	0.1882	5.9011	0	0	0	0	0	0	0	0	0	0	0	0	0	0.1274	0	0	0.5809	0	0.4283	0	0.3532	0	0	0	0	0.2301	0	0	0.208	0	0	0	0.4941	0.4395	0.1491
Rhodococcus fascians	0.7824	0.2366	0.4528	23.2537	0.1766	0.3763	0.2186	0	0	0	0.8905	0.4129	1.6317	0.1431	0	0.5984	0	0.0463	0	0	0	0	0	0	0.0802	0.3426	0	0	0	0.5273	0	0	0	0.6052	0	0.208	0	0.4985	0	0.5929	0.6593	0.1491
Rhodococcus jostii	0	0	0.1132	0	0	0	0	0	0	9.2952	0	0	0	0	0	0	0	0	0	0	0	0	0	0	0	0	0	0	0	0	0	0	0	0	0	0	0	0.0997	0	0	0	0
Rhodococcus opacus	0	0	1.4716	2.9067	0	0.0941	0	0	0	0	0	0.1376	0	0	0	0	0	0	0	0	0	0	0	0	0	0	0	0	0	0	0.2669	0	0	0	1.2942	0	0	2.7914	0	0	0	0.7457
Rhodococcus oxybenzonivorans	0	0	0	0	0	0	0	0	0	0	0	0	0	0	0	0.1197	0	0	0	0	0	0	0	0	0	0	0	0	0	0	0	0	0	0	0	0	0	0	0	0	0	0
Rhodococcus pyridinivorans	0.9389	0.1183	3.0563	0.7267	0	0	0.1093	0.1648	0.6397	0	0.8905	0	0	0	0	0	0	0	0	0	0.1274	0.2241	0	0.2905	0.0802	0.1713	0	0.3532	0	0	0.2669	0	0.4602	0.3026	0	0.208	0	2.4924	0	0.3953	0.1099	0.1491
Rhodococcus qingshengii	2.6603	0.3549	27.167	6.1768	1.413	0.9408	0.765	2.3075	1.2793	0.6639	1.4842	0.1376	0.4079	0.4293	0	6.5821	1.3934	0	0	0	0.5097	0	0.602	2.9047	0.8822	0.9422	101.412	0.1766	20.6313	0.791	3.736	2.0738	0.4602	3.0259	3.0198	1.0398	1.1854	2.1933	0	3.5574	24.3929	2.0879
Rhodococcus sp. B7740	0	0	0.2264	0	0	0	0	0	0	0	0	0	0	0	0	0	0	0	0	0	0	0	0	0.5809	0	0	0	0	0	0	0	0	0	0	0	0	0	0	0	0	0	0
Rhodococcus sp. PAMC28705	0	0	0	0	0	0	0	0	0	0	0	0	0	0	0	0.5984	0	0	0	0	0	0	0	0	0	0	0	0	0	0	0	0	0	0	0	0	0	0.1994	0	0	0	0
Rhodococcus sp. PAMC28707	0	0	0	0	0	0	0	0	0	0	0	0	0	0	0	0.5984	0	0	0	0	0	0	0	0	0.0802	0	0	0	0	0	0	0	0	0	0	0	0	0.1994	0	0	0	0
Rhodoferax antarcticus	0	0.1183	0	0	0	0	0	0	0	0	0	0	0	0	0	0	0	0	0	0	0	0	0	0	0	0	0	0	0	0	0	0	0	0	0	0.208	0	0	0	38.0441	0	0
Rhodoferax ferrireducens	0.1565	0	0	0	0	0	0	0	0	0	0	0	0	0	0	0	0	0	0	0	0	0	0	0	0	0	0	0	0	0	0	0	0	0	0	0	7.5072	0	0	0	0	0
Rhodoferax saidenbachensis	0.313	0	0.2264	0	0	0	0	0	0	0	0	0	0	0	0	0	0	0	0	0	0	0.6724	0	0	0	0	0	0	0	0	0	0	0	0	0	0	1.5805	0	0	0	0	0
Rhodoferax sp. BAB1	0	0	0	0	0	0	0	0.1648	0	0	0	0	0	0	0	0	0	0	0	0	0	0	0	0	0.0802	8.908	0	0	0	0	0	0	0	0	0	0	0	1.7945	0	0	0	0
Rhodoferax sp. PAMC 29310	2.6603	0	0	0	0.3533	0	0	0	0	0	0	0.1376	0.4079	0	0	0	0	0	0	0	0	0	0	0	0	0	0	0	0	0.7031	0	0	0	0	0	0	0.3951	0	0	0	0	0
Rhodoplanes sp. Z2-YC6860	0	0	0	0	0	0	0	0	0	0	0	0.9633	0	0	0	0	0	0	0	0	0	0	0	0	0	0	0	0	0	0	0	0	0	0	0	0	0	0	0	0.0988	0	0
Rhodopseudomonas palustris	0.313	0	0	2.9067	2.4728	0.2822	0.1093	0	0	0	0	5.7799	0	0.4293	0.2019	0.718	0	0	0	0	5.0974	0	0	0.2905	0	0.1713	0.6899	6.5335	0	0.1758	1.6011	0.6913	1.3807	6.0517	0	4.1594	0.3951	0.2991	0	16.4034	1.7581	0
Rhodospirillum rubrum	0	0	0	0	0	0	1.7485	0	0	0	0	0	0	0	0	0	0	0	0	0	0	0	0	0	0	0	0	0	0	0	0	0	0	0	0	0	0	0	0	0	0	0
Rhodovulum sulfidophilum	0	0	0	0	0	0	0	0	10.8743	0	0	0	0	0	0	0	0	0	0	0	0	0	0	0	0	0	0	0	0	0	0	0	0	0	6.0397	0	0	0	0	0	0	0.2983
Rickettsia felis	0	0	0	0	0	0	0	0	12.1536	0	0	0	0	0	0	0	0	0	0	0	0	0	0	0	0	0	0	0	0	0	0	0	0	0	0	0	0	0	0	0.0988	0	0
Riemerella anatipestifer	1.2519	0.4732	0	1.4534	0	3.7633	0	0	0	0	0	0	0	0	0	0	0	0	0	0	0	0	0	0	0	0	0	0	0	0	0	0.6913	0	0.4539	0	0.4159	0	0	0	1.6799	0	0
Romboutsia hominis	0	0	0	0	0	0	0	0	0	0	0	0	0	0	0	0	0	0	0	0	0	0	0	0	0	0	0	0	0	0	26.9522	0	0	0	0	0	0	0	0	0	0	0
Romboutsia ilealis	0	0	0	0	0	0	0	0	0	0	0	0	0	0	0	0	0	0	0	0	0	0	0	0	0	0	0	0	0	0	76.8537	0	0	0	0	0	0	0	0	0	0	0
Romboutsia sp. 13154	0	0	0	0	0	0	0	0	0	0	0	0	0	0	0	0	0	0	0	0	0	0	0	0	0	0	0	0	0	0	1.0674	0	0	0	0	0	0	0	0	0	0	0
Romboutsia sp. 13368	0	0	0	0	0	0	0	0	0	0	0	0	0	0	0	0	0	0	0	0	0	0	0	0	0	0	0	0	0	0	9.073	0.6913	0	0	0	0	0	0	0	0	0	0
Romboutsia sp. 13432	0	0	0	0	0	0	0	0	0	0	0	0	0	0	0	0	0	0	0	0	0	0	0	0	0	0	0	0	0	0	6.6713	0	0	0	0	0	0	0	0	0	0	0
Romboutsia sp. CE17	0	0.1183	0	0	0	0	0	0	0	0	0	0	0	0	0	0	0	0	0	0	0	0	0	0	0	0	0	0	0	0	8.2725	0	0	0	0	0	0	0	0	0	0	0
Roseateles amylovorans	0.4695	0	0.1132	1.09	0	0.0941	0	0	0	0	0	0	0	0	0	0	0	0	0	0	0	0	0	0	0	0.0857	0	0	0	0	0	3.4563	0	0	0	0.208	0.3951	0.3988	0	0	0	0
Roseateles sp. DAIF2	2.0343	0	0	0	0.3533	0	0	0	0	0	0.5937	0	0	0.1431	0	0	0	0	0	0	0	0	0	0	0	0.0857	0	0	0	0	0	0	0	0	0	0	0	0.6979	0	0	4.3951	0
Roseburia intestinalis	0	0	0.1132	0	0	0	0.1093	0	0	0	0	0	0	0	0	0	0	0	0	0	0	0	0	0	0	0	0	0	0	0	0	17.9727	0	0	0	0	0	0	0	0	7.6915	1.1931
Roseomonas fluvialis	0.1565	0	0	0	0	0	0	0	0	0	0	0	0	0	0	0	0	0	0	0	0	0	0	0	0	0	1.3798	0	0	0	0	0	0	0	0	0	0	0	0	0	0	0
Roseomonas haemaphysalidis	0	0	0	0.3633	0	0	0	0	0	0	0	0	0	2.1467	0	0	0	0	0	0	0	0	0.602	0	0	0	0	0	0	0	0	0	0	0	0	0	0	0	0	0	0	0
Roseomonas marmotae	0	0	0	0.3633	0	0	0	0	0	0	0	0	0	0	0	0	0	0	0	0	0	0	0	0	0	0	0	0	0	0	0	0	0	0	0	0	8.6926	0	0	0	0	0
Roseomonas mucosa	0	6.7431	0.1132	0	0	0	0.1093	0	0.6397	0	0	0	0	5.5813	0	0	0	0	0	0	0	3.3619	0	0	0	0	0	0	0	0	0	0	0	1.2103	0	0	0	0	0	0.2964	0	0.1491
Roseomonas sp. OT10	0	0	0	0	0	0	0	0	0	0	0	0	0	0	0	0	0	0	0	0	0	0	0	0	0	0	0	0	0	0	0	0	0	0	0	0	0	0	0	0	0	9.9923
Rothia aeria	0.6259	0	0	0	64.293	0	0	0	0	0	0	0	0	0	0.2019	0	0	0	0	0	0	0	0	0	0	0	0	0	0	0.0879	0	0	5.0626	0	0	0	0	0	0	0	0.1099	0
Rothia amarae	0	0	0	0	0	0	0	0	0	0	8.3118	12.3855	0	0	0	0	0	0	0	0	0	0	0	0	0	0	0	0	0	0	0	0	0	0	0	0	0	0	9.5694	0	0	0
Rothia dentocariosa	7.0419	0	0	3.6334	0.7065	0	0	0	6.3966	0	0.2968	0	0.4079	0	0	0	0	0	0	0	0.1274	0	0.9029	0	0	0	0	0.1766	0	0	0	0	1.841	0	0	0	0	0	3.3493	0	0.3296	0
Rothia kristinae	0.1565	11.1202	10.8668	0	0	0	0	0	0	0	0	0	0	0	0	0	0	0	0	0	0	0	0	0	0.0802	0	0	0.1766	0	0	0	0	0	0	0	0	0	0	0	0	0.1099	0
Rothia mucilaginosa	7.8243	2.366	4.641	0	0	0	0	0.8241	0	0	0	0.1376	0	0	0	0	0.1858	0	0	0	0	0	0	0	0	0	0	2.6487	0	2.9881	0	0	0	0	0	0.208	0	0.0997	0	0.2964	0.4395	0.1491
Rouxiella chamberiensis	0	0	0	5.0868	0	0	0	0	0	0	0	0	0	0	0	0	0	0	0	0	0	0	0	0	0.0802	0	0	0	0	0	0	0	0	0	0	0	0	0	0	0	0	0
Rubrivivax gelatinosus	0	0.1183	0	0	0	0	0.8742	0	0	0	0.5937	0	0	0	0	0.1197	0.1858	0	0	0	0	0	0	0	0	0	0	0	0	0	0	0	0	0	0.8628	0	0.3951	7.7761	0	0	0.1099	0.1491
Rugamonas sp. DEMB1	4.8511	3.0758	0	1.4534	0.8831	0	0	0	0	0	0	0	0	0	0	0	0	0	0	0	0.1274	0	0	0	0.0802	0.0857	0	0	0	0	0	0	0	0	0	0	9.8779	0	0	0.0988	0	0
Ruminococcus bicirculans (ex Wegman et al. 2014)	0	0	0.1132	0	0	0	0	0	0	0	0	0	0	0	0	0	0	0	0	0	0	0	0	0.8714	0	0	0	0	0	0	0	0.6913	0	0	0	0	0	0	0	0	0	0
Ruminococcus champanellensis	0	0	0	0	0	0	0	0	0	0	0	0	0	0	0	0	0	0	0	0	0	0	0	0	0	0	0	0	0	0	0	0	0	0	18.9818	0	0	0	0	0	0	0
Ruthenibacterium lactatiformans	0	0	0.1132	0	0	0	0	0	0	0	0	0	0	0	0	0	0	0	0	0	0	0	0	0	0	0	0	0	0	0	1.0674	0	0	0	0	0	0	0	0	0	0	0
Saccharopolyspora gloriosae	3.9122	0	5.207	0	0	0	0	0	0	0	0	0	0	0	0	0	0.0929	0	0	0	0	0	0	0	0	0	0	0	0	0	0	0	0	0	0	0	0	0	0	0	0	0
Salasvirus PZA	0	0	0	0	0	0	0	2.6371	0	0	0.2968	0.1376	0	0	0	0	0	0	0	0	0	0	0	0	0.1604	0.0857	0	0	0	0	0	0	6.6734	0	0	0	0	0.0997	0	0.2964	0	0
Salegentibacter mishustinae	0	0	0	0	0	0	0	0	0	0	0	0	0	0	0	0	0	0	0	0	0	0	0.301	0	0	0	0	0	0	0	0	0	0	0	0	0	0	0	0	0	0	0
Salinibacterium sp. UTAS2018	0	0	0	0	0	0	0	0	0	0	0	0	0	0	0	0	0	0	0	0	0.1274	0	0	0	0	0	0	0	0	0	0	0	0	0	0	0	7.9023	0	0	0	0	0.2983
Salinibacterium sp. ZJ70	0.313	0	0	0	0	0	0	0	0	0	0	0	0	0	0	0	0	0	0	0	0	0	0	0	0.3208	0	0	0	0	0	0	0	0	0	0	0	1.5805	0	0	0	15.0533	0
Salipiger profundus	0	0	0	0	0	0	0	0	6.3966	0	0	0	0	0	0	0	0	0	0	0	0	0	0	0	0	0	0	0	0	0	0	0	0	0	0	0	0	0	0	0	0	0
Salipiger sp. CCB-MM3	0	0	0	0	0	0	0	0	0	0	0	0	0	0	0	0	0	0	0	0	0	0	0	0	0	0	0	0	0	0	0	0	0	0	0	0	0	0	0	0	0	4.1759
Salmonella enterica	342.548	9907.95	89.5379	19.9836	52.6355	121.273	48.7384	80.4313	9.595	15.2706	22.8574	13.7617	10.6057	12.8799	8.074	0.9574	2.2294	0	0	42.4247	63.5904	5.8272	1.2039	4.6476	15.3187	96.2747	16.5571	10.2417	16.0466	90.0832	10.4073	97.4676	227.357	51.1368	3.4512	122.285	13.434	134.188	3.2297	9.3875	109.548	35.1967
Salmonella sp. HNK130	0	700.807	0	0	0	0	0	0	0	0	0	0	0	0	0	0	0	0	0	0	0	0	0	0	0	0	0	0	0	0	0	0	0	0	0	0	0	1.1963	0	0	0	0
Sanguibacter keddieii	0	0	0	0	0.3533	0	0	2.3075	0	0	0	0	0	0	0	0	0	0	0	0	0	0	0	0	0	0	0	0	0	0	0	0	0	0	0	0	0.3951	0.3988	0	0	0	0
Schaalia odontolytica	0	0	2.2639	0	0	52.7805	0.1093	0	0	0	0	0	0.4079	0	0	0	0	0	0	0	0	0	0	0	0	0	0	0	0	0	0	0	0	0.1513	0	0	0	0	0	0	0	0
Schaalia sp. ZJ405	0	0	4.4146	0	0	0	0	0	0	0	0	0	0	0	0	0	0	0	0	0	0	0	0	0	0	0	0	0	0	0	0	0	0	0	0	0	0	0	0	0	0	0
Schaalia turicensis	0	0	0.6792	0	0	0	0	0	0	0	0	0	0	0	0	0	0	0	0	0	0	0	0	0	0	0	0	0	0	0	0	0	0	0	0	55.5274	0	0	0	0	0	0
Schlegelella aquatica	0.313	0	0	0	0	0	0	0	0	0	0	0	0	0	0	0	0	0	0	0	0	0	0	0	0	0	0	0	0	7.0309	0	0	0	0	0	0	0	0.2991	0	0.0988	0.2198	0
Secundilactobacillus paracollinoides	0	14.196	0	0	0	0	0	0	0	0	0	0	0	0	0	0	0	0	0	0	0	0	0	0	0	0	0	0	0	0	0	0	0	0	0	0	0	0	0	0	0	0
Sediminicoccus rosea	0	0	0	0	0.1766	0	0	0	0	0	0	0	0	1.5742	0	0	0	0	0	0	0	0	0	0	0	0	0	0	0	0	0	0	0	0	0	0	0.3951	0	0	0	0	0
Segatella bryantii	0	0	0	0	0	0	0.1093	0	0	0	0	0	0	0	0	0	0	0	0	0.1861	0	0	0	0	0	0	0	0	0	0	0.2669	0	0	0	0	0	0	0	0	0	0	0.8948
Segatella copri	0.1565	0.1183	0	0	0	0	0.765	0	0	0	0	9.6332	0	0	0	0	0	0	0	0	0	0	0	0.8714	0	0	0	0	0	0	240.435	0	0	0	0	0	0	0	0	0	0	0
Serratia liquefaciens	4.0686	0.1183	0	4.7234	0	0	0	0	0.6397	0	0	0	0	0	0	0	0	0	0	0	0	0	0	0	0	0	0	0	0	0	0	0	0	0	0	0	0	0.2991	0	0	0	0
Serratia marcescens	21.5951	0.9464	0	4.3601	0	0.3763	5.5732	0.4945	0	0	0	0.2752	2.0396	0	0	0	0.5573	0	0	0	0.5097	0	0	0	0	0.257	1.3798	0	0	0.2637	0.2669	0	0	0.1513	1.7256	0.6239	0	0.1994	0	0.3953	0.2198	2.5354
Serratia plymuthica	48.6671	0	0	2.9067	0	0	0	0	0	0	0	0	0	0	0	0	0	0	0	0	0	0	0	0	0	0	0	0	0	0	0	0	0	0	3.4512	0	0	0	0	0	0	0
Serratia rubidaea	1.7213	0	0	0	0	0	0	0	0	0	0	0	0	0	0	0	0	0	0	0.1861	0	0	0	0	0	0	0	0	0	0	0	0	0	0	0	0	0	0	0	0	0	0
Serratia sp. CMO1	0	0	0	0	0	0	0	0	0	0	0	0	0	0	0	0	0	0	0	0.1861	0	0	0	0	0	0	0	0	0	0	0	0	0	0	0	0	0	0	0	0	0	0.1491
Serratia ureilytica	0.313	0	0	0	0.1766	0.2822	0	0.3296	0	0	0	0	0	0	0	0	0	0	0	0	0	0	0	0	0.1604	0	0	0	0	0	0	0	0	0.3026	3.0198	0	0	0	0	0.0988	0.2198	0.1491
Severe acute respiratory syndrome-related coronavirus	7.1984	0.2366	0	0	0	0	0.3278	0	0	0	0.5937	0	0	0	0	0	0	0	0	0	0	0	0	0	0.9624	0	0	0	0	76.2851	0	0	0	0	0	0	0	0	0	2.7669	0	0
Shewanella baltica	5.477	0.2366	0	0	0	0	0	0	0	0	0	0	0	0	0	0	0	0	0	0	0	0	0	0	0	0	0	0.3532	0	0	0	0	0	0.3026	0	11.6462	0	0	0	0	0	0
Shewanella goraebulensis	0.1565	0	0	0	0	0	0	0	0	0	0	0	0	0	0	0	0	0	0	0	0	0	0	0	0	0	0	0	0	0	0	0	0	0	0	34.1067	0	0	0	0	0	0
Shewanella litorisediminis	0	0	0	0	0	0	0	0	0	0	0	0	0	0	0.2019	0	0	0	0	0	0	0	0	0	0	0	0	0	0	0	0	0	0	0	0	0	0	0	0	0	0	0
Shewanella psychromarinicola	0.1565	0	0	0	0	0	0	0	0	0	0	0	0	0	0	0	0	0	0	0	0	0	0	0	0	0	0	0	0	0	0	0	0	0	0	1.6637	0	0	0	0	0	0
Shewanella vesiculosa	0	0.1183	0	0	0	0	0	0	0	0	0	0	0	0	0	0	0	0	0	0	0	0	0	0	0	0	0	0	0	0	0	0	0	0	0	1.4558	0	0	0	0	0	0
Shewanella xiamenensis	0.1565	0.9464	0	0	0	0	0	0	0	0	0	0	0	0	0	0	0	0.2781	0	0	0	0	0	0	0	0	0	0	0	0	0	0	0	0	0	0	0	0.0997	0	0	0	0
Shigella boydii	0	0.2366	0.2264	0	0.1766	0	0.8742	0	0.6397	0	0	0	0	0	0	0	0	0	0	0	0	0	0	0	0	0	0	0	0	0	0	0	0	0	0	0.208	0	0.4985	0	0	38.787	0
Shigella dysenteriae	0.1565	1.6562	0.2264	0.3633	0	0.1882	0.1093	0.8241	0.6397	0	0	0	0	0	0	0	0	0	0	0.7443	0	0.2241	0	0	0	1.2848	0	0.3532	0	0.1758	0	2.765	0.2301	0.3026	0.4314	0	0	0.6979	0	0	0.1099	0.1491
Shigella flexneri	12.8318	2.0111	0.566	0	0.3533	0.9408	0.3278	0.9889	0	0	0.5937	0.2752	0.4079	0	0	0.1197	0.0929	0	0	1.3025	0.1274	0	0	0	0.4812	0.3426	0	0	0	0.2637	0.2669	0	2.3012	1.5129	0.4314	0.208	0.3951	4.1871	0	0.1976	0.4395	0.2983
Shigella sonnei	0	0.8281	0.2264	0	0	0.0941	0	0.3296	0.6397	0	0	0	0	0	0	0	0	0	0	0	0	0	0	0.5809	0	0	0	0	0	0.7031	0	31.7979	0.2301	0	0	0	0	0.0997	0	0	0.2198	0
Shinella sp. PSBB067	0	0	0	0	0	0	0	0	0	0	0	0	0	0	0	0	0	0	0	0	0	0	0	0.8714	0	0	0	0	0	0	0	0	0	0	0	0	0	0	0	0	0	0
Simiaoa sunii	0	0	0.1132	0	0	0	0	0	0	0	0	0	0	0	0	0	0	0	0	0	0	0	0.301	0	0	0	0	0	0	0	0	0	0	0	0	0	0	0	0	0	0	0
Singulisphaera acidiphila	0	0	0	0	0	0	0	0	0	0	0	0	1.2237	0	0	0	0	0	0	0	0	0	0	0	0	0	0	0	0	0	0	0	0	0	0	0	0	0	0	0	0	0
Sinirhodobacter sp. HNIBRBA609	0	0	0	14.1702	0	0	0	0	0	0	0	0	0	0	0	0	0	0	0	0	0	0	0	0.2905	0	0	0	0.1766	0	0	0	0	0	0	0	0	0	0	0	0	0	0.1491
Sinorhizobium americanum	0	0	0.1132	0	0	0	0	0	0	0	0	0	0	0	0	0	0	0	0	0	0	0	0	0	0	0	0	0	0	0	0	0	0	0	0	0	52.9456	0	0	0	0	0
Sinorhizobium mexicanum	0	0	0	0	0	0	0	0	0	0	0	0	0	0	0	0	0	0	0	0	0	0	0	0	0	0	0	0	4.5847	0	0	0	0	0	0	0	0	0	0	0	0	0
Sinorhizobium sp. BG8	0	0	0	0	0	0	0	0	0	0	0	0	0	0	0	0	0	0	0	0	0	0	0	2.9047	0	0	0	0	0	0	0	0	0	0	0	0	0	0	0	0	0	0
Sinorhizobium sp. CCBAU 05631	0	0	0	0	0	0	0	0	0	0	0	0	0	0	0	0	0	0	0	0	0	0	0	0	0	0	0	0	2.2924	0	0	0	0	0	0	0	0	0	0	0	0	0
Sinorhizobium sp. SACMS4	0	0	0	0.3633	0	0	0	0	0	0	0	0	0	0	0	0	0	0	0	0	0	0	0	0	0	0	0	0	0	0	0	0	0	0	0	0	41.0921	0	0	0	0	0
Skermania piniformis	0	0	0	0	0	0	8.5238	0	0	0	0	0	0	0	0	0	0	0	0	0	0	0	0	0	0	0	0	0	0	0	0	0	0	0	0	0	0	0	0	0	0	0
Sodalis ligni	0	0.1183	0	0	0	0	0	0	0	0	0	0	0	0	0	0	0	0	0	0.3721	0	0	0	0	0	0	0	0	0	0	0	0	0	0	0	0.208	0	0	0	0	0	0
Sodalis praecaptivus	0	0	0	0	0	0	0	0	0	0	0.5937	0.2752	0	0	0	0	0	0	0	0	0	0	0	0	0	0	0	0	0	0	0	0	0	0	0	2.2877	0	0	0	0	0	0
Sorangium cellulosum	0	0	0	0	0	0	0	0	0	0	0	24.9087	0	0	0	0	0	0	0	0	0	0	0	0	0	0.1713	0	0	0	0	0	0	0	0	0	0	0	0	0	0	0	0
Sphaerotilus sp. FB-5	0	0	0	30.8838	0	0	0	0	0	0	0.2968	0	0	0	0	0	0	0	0	0	0	0	0	0	0	0	0	0	0	0	0	2.0738	0	0	2.5884	9.9825	0.7902	0.3988	0	0.1976	0	0
Sphingobacterium daejeonense	0	0	0	0	0	4.8923	0	0	0	0	0	0	0	0	0	0	0	0	0	0	0	0	0	0	0	0	0	0	0	0	0	0	0	0	0	0	0	0	0	0	0	0
Sphingobacterium faecium	4.5381	0	0	5.8134	0	0	0	0	0	0	0	0	0	0	0	0	0	0	0	0	0	0	0	0	0	0	0	0	0	0	0	0	0	0	0	0	0	0	0	0	0.2198	0
Sphingobacterium multivorum	25.1942	0	0	14.8969	26.1411	0	0	0	1.2793	20.5822	0	1.2386	0	0	0.2019	0	0	0	0	0	0	3.3619	0	0	0	0	18.6267	0	11.4618	0	0	1.3825	0	0	28.9041	0	0	0	0	0	1.5383	0.5966
Sphingobacterium sp. ML3W	0.1565	0	0	0	0	0	0	0	0	0	0	0	0	0	0	0.9574	0	0	0	0	0	0	0	0	0	0	0	0	0	0	0	0	0	0	0	0	0	0	0	0	0	0
Sphingobium cloacae	0	0	12.3383	0	0	0.3763	0	0	0	0	0	0	0	0	0	0	0	0	0	0	0	0	0	0	0	0	0	0	0	0	0	0	0	0	0	0	0	0	0	0	0	0
Sphingobium sp. AntQ-1	0	0	0	0	0	0	0	0	0	0	0	0.2752	0	0	0	0	0	0	0	0	0	0	0	0	0	0	0	0	0	0	0	0	0	0.1513	0.4314	0	0	0	0	0.0988	0	8.7992
Sphingobium sp. JS3065	0	0	0	0	0	0	0	0	0	0	0	0	0	1.4311	0	0	0	0	0	0	0	0	0	0	0	0	0	0	0	0	0	0	0	0	0	0	0	0	0	0	0	0.1491
Sphingobium sp. RAC03	0	0	0	0	0	0	0	0	0	0	0	0	0	0	0	0	0	0	0	0	0	0.6724	0	0	0	0	0	0	0	0	0	0	0	0	0	0	0	0	0	0	0	0.1491
Sphingobium sp. YBL2	0	0	0	0	0	0	0.1093	0	0	0	0	0	0	0	0	0	0	0	0	0	0	0	0	0	0	0	0	0	0	0	0	0	0	0	0	0	0	0	0	0	0	411.324
Sphingobium yanoikuyae	0.1565	0	1.2452	1.09	0.1766	0.3763	0.2186	0.3296	0	4.6476	0.2968	2.2019	0	0	0.2019	0	0	0	0	0	0	0	0	0.2905	0	0.1713	1.3798	0	0	0	0	0	0	1.6642	0	0.8319	0.3951	0.4985	0.2392	0	0.6593	7.1587
Sphingomonas aerolata	0.1565	0.1183	0	13.8069	0	0.2822	0	0	0	0	0	1.3762	0	0	0.2019	0	0	0	0	0	0	0	0	0	3.2081	0	0	0.8829	0	0	0	0	0	0	0	0	3.9512	0	0	0	0	0.2983
Sphingomonas alpina	0	0	0	0	0	1.9757	0.8742	0	0	0	0	0	0	0	0	0	0	0	0	0	0	0	0	0	0	0	0	0	0	0	0	0	0	0	0	0	0	0	0	0	0	0
Sphingomonas asaccharolytica	0	0	0	0	0	0	0	0	0	0	0	0	0	0.4293	0	0	0	0	0	0	0	0	0	0	0	0	0	0	0	0	0	0	0	0	0	0	0	0	0	0	0	0
Sphingomonas changnyeongensis	2.0343	0	0	0	0	0	0	0	0	0	0	0	0	0	0	0	0	0	0	0	0	0	0	0	0	0	0	0	0	0	0	0	77.3197	0.3026	0	0	0	0	0	0	0	0
Sphingomonas donggukensis	0	0	0	0	0	0	0	0	1.2793	0	0	0	0	0	0	0	0	0	0	0	0	0	0	0	0	0	0	0	0	0	0	0	0	0	0	0	0	0	0	0	0	0
Sphingomonas ginsengisoli An et al. 2013	3.7557	0	0	0	2.8261	0	0	11.2076	0	0	0	0.4129	0	0	0	0	0	0	0	0	0	0	0	0	0	0	0	0	0	0	0	0	0	0	0	0	0	0	0	0	0	0
Sphingomonas glaciei	0.6259	0	0.566	0	1.0598	0	0	0.4945	0	0	0	0.1376	0	0	0	0	0	0	0	0	0	0	0	0.5809	0	0	0	0	0	0	0	6.2213	0	0	0	0	0	0	0	0	0	0
Sphingomonas hankookensis	0	0	0	0.3633	0	0	0.5464	0	0	0	0	0	0	3.0053	0	0	0	0	0	0	0	0.2241	0	0	0	0	0	0	0	0	0	0	0	0	28.4727	0	0	0	0	0.4941	0	0
Sphingomonas hengshuiensis	1.2519	0	0	0	0	0.0941	0	0	0	0	0	0	0	0	0	0	0	0	0	0	0	0	0	0	0	0	0	0	0	0	0	0	0	0.1513	0	0	7.5072	0	0	0	0	0
Sphingomonas insulae	0	0	0	0	0	0	0.9835	0	0	0	0	0.6881	0	0.4293	0	0	0	0	0	0	0	0.6724	0	0	0	0	0	0	0	0	0	0	0	0	0	0	0	0	0	0.0988	0	0
Sphingomonas lutea	0	0	0	0	0	0	1.3114	0	0	0	0	0	0	0	0	0	0	0	0	0	0	0.6724	0	0.8714	0	0	0	0	0	0	0	0	0	0	0	0	0	0	0	0	0	0
Sphingomonas melonis	0	0	0	1.09	0	0	4.0433	0	0	0	0	0.8257	0.4079	0.7156	0	0	0	0	0	0	0	0	0	0.5809	0	0.0857	0	0	0	0.2637	0	0	0.2301	1.2103	0	7.9028	0	0	0	0	0	0
Sphingomonas morindae	0.1565	0	0.3396	2.9067	0	0.1882	0.1093	0	0	0	0	0	0	0	0	0	0	0	0	0	0	0	0	0	0	0	0	0	0	0	0	0	0	0.7565	0	0	0	0	0.1196	8.7946	0.2198	0
Sphingomonas panacis	0	0	0.1132	10.1735	0	0.0941	0.1093	0	0	0	0	0	0	0.4293	0	0	0	0	0	0	0	0	0	0	0	0.0857	0	0	0	0	0	0	0	0	0	0	1.9756	0.0997	0	0	0	0
Sphingomonas paucimobilis	0	0	0.4528	0	0.3533	0	0.1093	0.6593	0	0	0	0	0	0	0.6056	0.1197	0	0	0	0	0	0	0	14.2332	0	0.257	0	0	0	0.0879	0.2669	0	0.2301	0.3026	0	0.4159	0	0.0997	0	0.5929	0.5494	0
Sphingomonas piscis	0	0	0	0	0.5299	0	0	0	0	0	0	0	0	0	0	0	0	0	0	0	0	0	0	9.0047	0	0	0	0	0	0	0	0	0	2.8746	0	0	0	0	0	0	0	0
Sphingomonas profundi	0	0	0	0	0.1766	0	0	0	0	0	0	0	0	0	0	0	0	0	0	0	0	0	0	0	0.0802	0	0	0	0	0	0	0	0	0	0	0	0	0	0	0	10.8779	0
Sphingomonas psychrotolerans	0	0	0	0	0	0	0.1093	0	0	0	0	0	0	0	0	0	0	0	0	0	0	0	0	0	0	0	0	0	0	0	0	0	0	0.1513	9.9223	0	0	0	0	0	0	0
Sphingomonas radiodurans	0.4695	0	0	0	0	0	0	0	0	0	0	0	0	0	0	0	0	0	0	0	0	0	0	0	0	0	0	0	0	0	0	0	0	0.4539	0	3.1195	0	0	0	0	0	0
Sphingomonas sabuli	0	0	0	0	0	0	0	0	0	0	0	0	0	0	0	0	0.3716	0	0	0	0	0	0	6.1	0	0	0	0	0	0	0	0	0	6.0517	0	0	0	0	0	0	0	0
Sphingomonas sanguinis	0	0	0	0	0	0.0941	0	0	1.2793	0	0	0	0	0	36.333	0.359	0	0	0	0	0	0	0	0	0	0	0	0	0	0	0	0	0	0	1.7256	0	1.5805	0	0	0	0	0
Sphingomonas sanxanigenens	0.313	0	0	0	0	0	10.6001	0	0	0	0	0	0	0	0	0	0	0	0	0	0	0	0	0	0	0	0	0	0	0	0	0	0	0.1513	0	0	0	0	0	0.0988	0	0
Sphingomonas sediminicola	0	0	0.2264	0	0	0	0	0	0	0	0	0	0	0	0	0	0	0	0	0	0	6.4996	0	0	0	0	0	0	0	0	0	0	0	0	0	0	0	0	0	0	0	0
Sphingomonas sinipercae	0	0	0	0	0	0	0.1093	0	0	0	0	0	0	0	0	0	0	0	0	0	0	0	0	41.2474	0	0	0	0	0	0	0	0	0	4.8414	0	0	0	0	0	0	0	0
Sphingomonas sp.	0	0	0	0.3633	0	0	0	0	0	0	0	0.1376	0	0.1431	0	0	0.0929	0	0	0	0	0	0	0	0	0.0857	0	0	0	0	0	0	0	0.3026	0	0	0	0.0997	0	0	0.1099	0
Sphingomonas sp. 7/4-4	0	0	0.1132	0.3633	0	0	0	0	0	0	0	22.4316	0	0.1431	0	0	0	0	0	0	0	0	0	0	0	0	0	0	11.4618	0	0	0	0	1.9668	0	0	0	0	0	0	0	0
Sphingomonas sp. AAP5	0	0	0.2264	0.3633	0	0	0.3278	0	0	0	0	0	0	0	0	0	0.1858	0	0	0	0	0.4482	0	0	0	0	0	0	6.8771	0.0879	0	0	0	0.3026	0	0	0	0	0	0	0.1099	0.1491
Sphingomonas sp. C8-2	0	0	0	0	0	0	0	0	0	0	0	1.1009	0	0	0	0	0	0	0	0	0	0	0	0	0	0	0	0	0	0	0	0	0	0.3026	0.4314	0	0	0	2.1531	0	0	0.1491
Sphingomonas sp. CV7422	0	0	0	1.09	0	0	0.4371	0	1.919	0	0.2968	0	0	10.3039	0	0	0	0	0	0	0	0	0	0	0	0	0	0	0	0	0	0	0	0	0	0	0.7902	0	0	0	0	0
Sphingomonas sp. HMP6	0	0	13.9231	0	0	0	0	0	0	0	0	0	0	0	0	0	0	0	0	0	0	0	0	0	0	0	0	0	0	0	0	0	0	0	0	0	0	0	0	0	0	0
Sphingomonas sp. HMP9	0	0	0	10.5368	0	0.5645	0.3278	0	0	0	0	1.6514	0	0	0	0	0	0	0	0	0	0	0	0	1.8447	0	0	0.1766	0	0	0	0	0	0	0	0	5.5316	0	0	0	0	4.325
Sphingomonas sp. IC081	0	1.4196	0	1.8167	0	0.0941	0	0	0	0	0	0	0	0	0	0	0	0	0	0	0	0	0	0	0	0	0	0	0	0	0	0	0	1.5129	0	0	0.3951	0	0	0	0	0.1491
Sphingomonas sp. KRR8	4.0686	0	0	0	0	0	0	0	0	0	0	1.3762	0	0	0	0	0	0	0	0	0	0	0	0	0	0	0	0	0	0	0	2.0738	0	0	0	0	0	0	0	0	0	0
Sphingomonas sp. LHG3406-1	0.4695	0	0	0	0	0	0	0	0	0	0	0.2752	0	0	0	0	0	0	0	0	0	4.0342	0	0	0	0	0	0	0	0	0	7.6039	0	0	0	0	0	0	0	0	0	0
Sphingomonas sp. LK11	0	0	0	1.09	0	0	0	0	0	0	0	0	0	0	0	0	0	0	0	0	0	0	0	0	0	0	0	0	0	0	0	0	0	33.7382	16.3934	0	0	0	0	0.1976	0	0
Sphingomonas sp. LM7	0	0	0	0	0	0	0	0	0	0	0	0	0	0	0	0	0	0	0	0	0	0	0	0	0	0	0	0	29.8008	0	0	0	0	0.3026	0	0	0	0	0	0	0	0
Sphingomonas sp. NIBR02145	0	0	0	0	0	0	0	0	0	0	0	0	0	0.1431	0	0	0	0	0	0	0	0	0	0	0	0	0	0	2.2924	0	0	0.6913	0	0	0	0	0	0.4985	0	0	0	0
Sphingomonas sp. PAMC26645	0	0	0	13.8069	0	0	0	0	0	0	0	20.6426	0	0	0	0	0	0	0	0	0	0	0	0.2905	0	0	0	0	0	0	0	0	0	0	0	0	0.7902	0	0	0	0	0
Sphingomonas sp. QA11	0	0	0	0	0	0	0	0.4945	0	0	0	0.1376	0	0	0.2019	0	0	0	0	0	0	0	0	0	0.1604	0	0	0	0	0	0	0	0	0	0	0	0	0	0	0.0988	0	0
Sphingomonas sp. R1	0.1565	0.1183	0	11.6268	0	0	0	0	0.6397	0	0	0	0	1.1449	0	0	0	0	0	0	0	0	0	0	0	0	0	0	0	0	0	0	0	0.9078	0	0	0.7902	0	0	0.0988	0	0
Sphingomonas sp. S2-65	0	0	0	0	0	0	0.2186	0	0	0	0	0.2752	0	0.2862	0	0	0	0	0	0	0	0	0	0	0	0	0	0.1766	34.3855	0	0	0	0	0.3026	0	0	0	0.1994	0	0	0	0
Sphingomonas sp. SL21	0	0.1183	0	0	0	0	0	0	0	0	0	0	0	9.0159	0	0	0	0	0	0	0	0	0	0	0	0	0	0	0	0	0	0	0	0	0	0	0	0	0	0	0	0
Sphingomonas sp. SUN019	0	0	0.1132	4.7234	0	0	0	0	0	0	0	0	0	0	0	0	0	0	0	0	0	0	0	0	0	0	0	0	0	0	0	0	0	0	0	0	0	0	0	0	0	0
Sphingomonas sp. ZFBP2030	0	0.3549	0	2.18	0	0	0	0.6593	0	0	0	0.1376	0	0	0.6056	0.1197	0	0	0	0	0	0	0	0	0	0	0	0	0	0	0	0	0	15.2805	0	0	0	0	0	0	0	0
Sphingomonas taxi	0	0	0	0.7267	0	0	0.6557	0	0	0	0	0	0	15.8852	0	0	0	0	0	0	0	0	0	0	0	0	0	0	0	0	0	0	0	21.9374	72.0445	0	0	0	0	0.0988	0.1099	0
Sphingorhabdus lacus	0	0	9.3953	0	0	0	0	0	0	0	0	0	0	0	0	0	0	0	0	0	0	0	0	0	0	0	0	0	0	0	0	0	0	0	0	0	0	0	0	0	0	0
Sphingosinicella flava	0	0	0	0	0	0	0	0	0	0	0	0	0	0	0	0	0	0	0	0	0	0	0	0	0	0	0	0	0	0	0	0	0	2.7233	0	0	0	0	0	0	0	0
Sphingosinicella sp. BN140058	0	0	0	0	0	0	0.3278	0	0	0	0	0.1376	0	0	0	0	0	0	0	0	0	0	0	0.5809	0	0	0	0	0	0	0	0	5.2927	0	0	0	0	9.9694	0	0	0	0
Sporosarcina psychrophila	0	0	0	0	0	0	0	3.4612	0	0	0	0	0	0	0	0	0	0	0	0	0	0	0	0	0	0	0	0	0	0	0	0	0	0	0	0	0	0	0	0	0	0
Sporosarcina sp. resist	0	0.1183	0	0	0	0	0	2.4723	0	0	0	0	0	0	0	0	0	0	0	0	0	0	0	0	0	0	0	0	0	0	0	0	0	0	0	0	0	0	0	0	0	0
Staphylococcus arlettae	5.3205	0.3549	2.7167	0	0.8831	0	0	0	1.919	0	0.2968	0	0	0	0	0.8377	0	0	0	0	0	0	0	0	0	0	0	0	0	0	0	0	0	0	1.2942	0	0	0	0	0	0	0
Staphylococcus aureus	1.0954	16134.6	36.6754	3.6334	2.6494	2.1639	41.8538	0	6.3966	0.6639	17.5141	0.1376	0	36.0637	2.2204	0	0	0	0	0	0.1274	0.2241	0	0.2905	2.0051	4.2827	0.6899	18.8942	0	1.0546	3.736	15.2077	0	0.3026	0.4314	0.208	0.3951	37.784	0.1196	15.4153	11.2076	19.2389
Staphylococcus capitis	5.164	2.2477	253.898	0	0.5299	0.5645	0	0	5.757	14.6067	1.1874	0	0	0	0	0.8377	0	0	0	0.3721	0.1274	0.4482	0	16.557	0	0.1713	0	0	0	43.5915	0	0	0	0	10.3537	0	6.3219	0	0	425.205	0.2198	0.1491
Staphylococcus caprae	0	0.1183	0	0	0	0	0	0	0	0	0	0	0	3.1484	0	0	0	0	0	0	0	0	0	0	0	0	0	0	0	0	0	0	0	0	0	0	0	0	0	0	0	0
Staphylococcus chromogenes	0	20.5841	0	0	0	0	0	0	0	0	0	0	0	0.1431	0	0	0	0	0	0	0	0	0	0	0	0	0	0	0	0	0	0	0	0	0	0	0	0	0	0	0	0
Staphylococcus cohnii	0	4.1405	0.1132	0	0.1766	0	0.1093	0	0	0	5.3433	0	0	0	0	0	0	0	0	0	0	0	0	0	0	0	0	0	0	0	0	0	0	0	0	0	0	0	0	0	0.2198	0
Staphylococcus epidermidis	12.9883	372.171	221.864	14.5336	0.3533	55.3208	1648.25	0.6593	42.2178	3.3197	3.859	0	0	4.7226	0.8074	2.6329	0.836	0	0	0.3721	155.344	0	0.602	0	1.5239	9.3362	1.3798	10.4183	0	60.1141	5.8708	203.23	0	0.1513	20.7074	0.6239	0	2.592	10.5263	36.6607	0.9889	10.2906
Staphylococcus equorum	0	0	135.495	0	0	0	0	0	0	0	0	0	0	0	0	0	0	0	0	0	0	0	0	0	0	0	0	0	0	0	0	0	0	0	0	0	0	0	0	0	0	0
Staphylococcus haemolyticus	2.0343	168.222	8.2633	0.3633	0.1766	0	8.633	0	0	2.6558	0.2968	0	0	0	0	0	0	0	0	0	0	0	0	0	0	0	0	0	0	0.3515	0	0	0.6904	0	3.8826	0.208	0	0.8972	1.4354	72.6297	85.7049	0
Staphylococcus hominis	0.9389	25.671	151.003	3.2701	0	0.2822	8.5238	3.626	22.3882	0	133.285	1.3762	0	0	0	0	0.0929	0	0	0	0	2.4654	3.0098	0	0	0.4283	0	0	0	0	0	0	0	0	0	2.0797	0	8.474	1.3158	150.299	0.2198	0
Staphylococcus lugdunensis	0	24.488	0	0	0	0	0	0	0	0	0	0	0	0	0	0	0	0	0	0	0	0	0	0	0	0	0	0	0	0	0	0	0	0	0	0	0	0	0	0.9882	0	0
Staphylococcus pasteuri	130.196	1.7745	4.3014	0	0.5299	0	0	0	7.0363	0	0	0	0	0	0	0.1197	0	0	0	0	0.1274	0	6.0197	0	0	0	0	0	0	0.5273	0	0	0	0	1.2942	0	0	0	0	0.0988	0.1099	58.164
Staphylococcus pettenkoferi	0	0.8281	0	0	0	0	0	0	0	0	0	0	0	0	0	0	0	0	0	0	0	0	0	0	0	0	0	0	0	0	0	0	0	0	0	0	0	0	0	6.6207	0	0
Staphylococcus pseudintermedius	0	49.2126	0.7924	0	0	0	0.6557	0	0	0	0.2968	0	0	0	0	0	0	0	0	0	0	0	0	0	0.0802	0.0857	0	0.5297	0	0.2637	0	0	0	0	2.5884	0.208	0	0.2991	0	0.1976	0.2198	0.2983
Staphylococcus saccharolyticus	0	0.1183	0	0	0	2.9166	0	0	27.5055	0	0	0	0	0	0	0	0	0	0	0	0	0	0	0	0	0	0	0	0	0	0	0	0	0	0	0	0	0	0	0.0988	0	0
Staphylococcus saprophyticus	0	1.3013	1.6979	0	0	0	0	0	0	0	0	0	0	0	0	0.359	0	0	0	0	0	0	0	0	0	0	0	0	0	0	0	0	5.2927	0	0	0	0	0	0	0	0.2198	0
Staphylococcus simulans	0.1565	1.7745	2.8299	0	0	0	0	0	0	0	0.2968	0	0	0	0	0.1197	0	0	0	0	0	0	0	0	0	0	0	0	0	0	0	0	0	0	0.4314	0	0	0	0	0	0.1099	0
Staphylococcus sp. 11-B-312	0	0	0	0	0	0	0	0	0	0	0	2.0643	0	0	0	0	0	0	0	0	0	0	0	0	0	0	0	0	0	0	1.868	0	0	0	0	0	0	0	0	0	0	0
Staphylococcus warneri	1.2519	0	0.566	0	0	0	0	0	0	0	0	0	0	0	0	0.359	0	0	0	0	0	0	0	0	0	0	0	0.1766	0	0.8789	0	0	0	0	0	0	1.1854	3.2899	0	0	0	0
Stenotrophomonas acidaminiphila	4.3816	0	0.6792	0.3633	0.3533	0.4704	0.5464	0.3296	0	0	0	0	0.8158	0	0	0	0	0	0	0	0	0	0	0.2905	0.401	0.5139	0	0	0	1.2304	0	0	0	1.9668	0	0.208	0	0.1994	0	0.6917	1.5383	0.2983
Stenotrophomonas indicatrix	0.1565	0	5.773	0	0	0	0	0	0	0	0	0	0	0	0	0	0	0	0	0	0	0	0	0.2905	0	0	0	0	0	0	0	0	0	0	0	0	0	0	0	0	0	0
Stenotrophomonas koreensis	0	0	0	0	0	0	0	0	0	0	0	0	0	0	0	0	0	0	0	0	0	0	0	0	0	0	0	0	0	45.7886	0	0	0	0	0	0	0	0	0	0	0	0
Stenotrophomonas maltophilia	37.8696	5.7967	73.6905	7.9935	369.331	43.9367	34.095	27.3598	53.0921	51.7874	9.796	21.7435	7.3424	40.6432	7.4685	0.5984	0.5573	4.9586	0.048	10.048	3.0585	1.793	0	107.766	14.4364	15.075	32.4242	1.4127	9.1695	7.2945	4.2697	69.1259	7.824	25.1145	162.208	12.686	4.7414	14.3559	0.9569	27.7673	46.6982	46.5312
Stenotrophomonas rhizophila	26.6026	0	15.9606	0	0	0.0941	0	0	0	0	0	0	0	0	0	0	0	0	0	0	0	0	0	0	0	0	0	0	0	0	0	0	0	0	0	0	1.5805	0	0	0	0	0
Stenotrophomonas sp. CD2	0.1565	0	0.3396	0	0.5299	0.0941	0.1093	0.8241	0	1.9918	0.5937	0	0	0.1431	0	0	0	0	0	0	0	1.1206	0	0.8714	0.2406	0.6852	0	0	0	0.1758	0	0	0.2301	0.3026	0	0	0	0.2991	0.2392	0.9882	0.7691	0.5966
Stenotrophomonas sp. WZN-1	0	0	0.4528	0	4.5924	0.1882	0	0.3296	0	0	0	0	0	0	0	0	0	1.761	0	0	0	0	0	0.5809	0	0	0	0	0	0	0	0	0	0	0	0	0.3951	0.0997	0	0	0.3296	0
Sterolibacterium denitrificans	0	0	0	0	0	0	0	0	0	0	0.2968	0	0	0	0	0	0	0	0	0	0	0.4482	0	0	0	0	0	0	0	0	0	0	0	0	0	0	0	0	0	0	0	0
Streptococcus agalactiae	0	1.0647	0	0	0	0	0	0	0	0	0.2968	0	0	0	0	0	0	0	0	0	0.1274	0	0	0	0.2406	0	0	0	0	0	0	0	0	0	0	0	0	0	286.962	0	0	0
Streptococcus alactolyticus	0	0	0	0	0	0	0	0	0	0	0	0	0	0	0	0	0	0	0	0	0	0	0	0	0	0	0	0	0	0	0	0	0	0	0	0	0	0	1.0766	0	0	0
Streptococcus anginosus	0	0.1183	0.1132	0	2.2962	0	0	0	0	0	0.2968	0	0	0	0	0	0	0	0	0	0.1274	0	0	0	0	0	0	0	0	0	0	0	0	0.1513	0	0	0	0	18642.3	0	0	5.5181
Streptococcus australis	0	0.9464	1.9243	0	0	0	0	0	0	0	0	0	0	0	0	0	0	0	0	0	0	0	0	0	0	0	0	0	0	0	0	0	0	0	0	0	0	0	12.7991	0	0	0.1491
Streptococcus constellatus	0	0	0	0	0	0	0	0.1648	0	0	0	0	0	0	0	0	0	0	0	0	0	0	0	0	0	0	0	0.1766	0	0	0	0	0	0	0	0	0	0	1076.56	0.0988	0	0
Streptococcus cristatus	0	0.1183	0	0	0	0	0	0	0	0	0	0	0	0.1431	0	0	0	0	0	0	0	0	0	0	0	0	0	45.7346	0	0	0.2669	0	0	0	0	0.208	0	0.3988	7.5359	0	0	0.2983
Streptococcus dysgalactiae	0	0	0	0	0	0	0	0	0	0	0	0	0	0	0	0	0	0	0	0	0	0	0	0	0	0	0	0	0	0	0	0	0	0	0	0	0	0	106.46	0	0	0
Streptococcus gallolyticus	0	0	0	0	0	0	0	0	0	0	0	0	0	0	0	0	0	0	0	0	0	0	0	0	0	0	0	0	0	0	0	0	0	0	0	0	0	0	20.2154	0	0	0
Streptococcus gordonii	0	0	0	0	0	0	0.5464	0	4.4776	0	0	0	0	0.8587	0	0	0	0	0	0	0	0	0	0	0	0	0	0	0	0	0	0	0	0	0	0	0	0	86.2442	0	0.1099	1.3423
Streptococcus ilei	0	0	1.132	0	0	0	0	0	0	0	0	0	0	0	0	0	0	0	0	0	0	0	0	0	0	0	0	0	0	0	0	0	0	0	0	0	0	0	0.7177	0.0988	0	0
Streptococcus intermedius	0	0	0	0	0	0	0	0	0	0	0	0	0	0	0	0	0	0	0	0	0	0	0	0	0	0	0	0	0	0	0	0	0	0	0	0	0	0	483.972	0	0	0
Streptococcus lutetiensis	0	0	0	0	0	0	0	0	0	0	0	0	0	0	0	0	0	0	0	0	0	0	0	0	0	0	0	0	0	0	0	0	0	0	0	0	0	0	9.3302	0	0	0
Streptococcus marmotae	0	0	0	0	0	0	0	0	0	0	0	0	0	0	0	0	0	0	0	0	0	0	0	0	0	0	0	0	0	0	0	0	0	0	0	0	0	0	1.1962	0	0	0
Streptococcus milleri	0	0	0	0	0	0	0	0	0	0	0	0	0	0	0	0	0	0	0	0	0	0	0	0	0	0	0	0	0	0	0	0	0	0	0	0	0	0	580.504	0	0	0
Streptococcus mitis	0	1.0647	18.6773	0	0	0	7.1031	0	0	3.3197	0.8905	0	2.8554	42.0743	0	0	0	0	0	1.1164	0	0	0	3.1952	0.0802	64.8398	0	2.2956	0	0	0	0	0	0	0	0	7.9023	0.7976	72.1294	0	0	30.8717
Streptococcus mutans	0	0	0	0	0	0.0941	0	0	0	0	0	0	0	0	0	0	0	0	0	0	0	0	0	0	0	0	0	0	0	0	0	0	0	0	0	0	0	0	3.3493	0	0	0
Streptococcus oralis	5.3205	0.5915	0.3396	0	0	2.4462	21.0908	0	0	0.6639	0	0	0	22.6114	0	0	0.2787	0	0	0	0	0	0	0	0.7218	0.0857	0.6899	6.7101	2.2924	0	0	0	0	0	0	21.2127	1.9756	0	27.9905	0.2964	7.5816	0
Streptococcus pasteurianus	0	0	0	0	0	0	0	0	0	0	0	0	0	0	0	0	0	0	0	0	0	0	0	0	0	0	0	0	0	0	0.2669	0	0	0	0	0	0	0	20.5742	0	0	0
Streptococcus periodonticum	0	0	0	0	5.6521	0	0	0	0	0	0	0	0	0	0	0	0	0	0	0	0	0	0	0	0	0	0	0	0	0	0	0	0	0	0	0	0	0	6165.8	0	0	0
Streptococcus pneumoniae	0.313	3.549	1.6979	3.6334	0.7065	0	0	0.8241	0	1.9918	0	0.1376	0	0.4293	0	0	0.0929	0	0	0	0	0	0	0.2905	0.3208	0.8565	0	1.9424	0	0	0.2669	40.7843	0	3.1771	0.4314	0	1.1854	0	67.225	0.2964	13.7348	3.4302
Streptococcus pseudoporcinus	0	0	0	0	0	0	0	0	0	0	0	0	0	0	0	0	0	0	0	0	0	0	0.301	0	0	0	0	0	0	0	0	0	0	0	0	0	0	0	1.7943	0	0	0
Streptococcus pyogenes	0	2.8392	0	0	0.1766	0.3763	0	0	0	1.3279	0	0	0.4079	0	0	0	0	0	0	0	0	0	0	0	0.0802	0	0	0	0	0	0	0	0	0	0	0	0	0.1994	34.5695	0	0	1.044
Streptococcus salivarius	0	1.7745	0	0	0	0	0	0	10.8743	0	0	0.1376	0	0	0	0	0	0	0	0	0.6372	0.2241	0	0	0	0	0	0	0	0	0	0	0	0	0	0	0	0	1.1962	0.9882	0	0.1491
Streptococcus sanguinis	0.1565	0.2366	0.1132	0	0	0	0.9835	1.1537	0	0	0	0	0	0	0	0	0	2.0391	0	0	0	0	0	0	0	0	0	0.1766	0	0.1758	20.2808	0	0	0	0	0	0	0	6.2201	0.1976	0	0.1491
Streptococcus sp. 116-D4	0	0	0.7924	0	0	0	0	0	0	0	0	0	0	0	0	0	0	0	0	0	0	0	0	0	0	0	0	0	0	0	0	0	0	0	0	0	5.5316	0	0	0	0	0.2983
Streptococcus sp. 1643	0	0	0	0	0	0	0	0	0	0	0	0	0	0	0	0	0	0	0	0	0	0	0	0	0	0	0	1.7658	0	0	0	0	0	0	0	1.4558	0	0	0	0	0	0
Streptococcus sp. KS 6	0	0	0	0	0	0	0	0	0	0	0	0	0	0	0	0	0	0	0	0	0	0	0	0	0	0	0	0	0	0	0	0	0	0	0	0	0	0	615.671	0	0	0
Streptococcus sp. NPS 308	0	0	0	0	0	0	0	0	0	0	0	0	0	0	0	0	0	0	0	0	0	0	0	0	0	0	0	3.7082	0	0	0	0	0	0	0	0	0	0	0	0	0	0
Streptococcus sp. NSJ-72	0	0	0	0	0	0	0	0	0	0	0	0	0	0	0	0	0	0	0	0	0	0	0	0	0	0	0	0	0	0	0	0	0	0	0	0	0	0	333.613	0	0	0
Streptococcus sp. oral taxon 061	0	0	0	0	0	0	0	0	0	0	0	0	0	0	0	0	0	0	0	0	0	0	0	0	0	0	0	0	0	0	0	0	0	0	0	0	0	0	2.6316	0	0	0
Streptococcus sp. oral taxon 064	0	0	0	0	0	0	0	0	0	0	0	0	0	1.4311	0	0	0	0	0	0	0	0	0	0	0	0	0	0	0	0	0	0	0	0	0	0	0	0	0	0	0	0
Streptococcus sp. oral taxon 431	0	0	0	0	0	0	0	0	0	0	0	0	0	3.0053	0	0	0	0	0	0	0	1.3448	0	0	0	0	0	0	0	0	0	0	0	0	0	0	0	0	0	0	0	0
Streptococcus suis	0	0.9464	0	0	0.3533	0	0.1093	0.6593	0	0	0	0	0	0	0	0	0	0	0	0	0.1274	0.2241	0.602	0	0.2406	0	0	0	0	0	0	0	0	0	0	0	0	0	188.398	0	0	0.5966
Streptococcus thermophilus	0	0.9464	4.641	0	0	0	0.3278	0	2.5587	0	0	0	0	0	0	0	0	0	0	0	0	0.2241	0	0	0.401	0	0	0.5297	0	0	1.3343	0	0	0	0	0	0	0	10.4067	0.5929	0	0
Streptococcus toyakuensis	0	0	0	0	0	0.1882	0	0	0	0	0	0	0	0	0	0	0	0	0	0	0	0	0	0	0	0.8565	0	0	0	0	0	0	0.2301	0	0	0	0	0	0	0	0	0
Streptococcus urinalis	0	0	0	0	0	0	0	0	0	0	0	0	0	0	0	0	0	0	0	0	0	0	0	0	0	0	0	0	0	0	0	0	0	0	0	0	0	0	1.1962	0	0	0
Streptomyces alboflavus	0	0	0	0	0	0	0	0	0	0	0	0	0	0	0	0	0	0	0	0	0	0	0	0	0	0	0	0	0	0	0	0	0	0	0	0	0	4.0875	0	0	0	0
Streptomyces aurantiacus	0	0	0	0	0	0	0	0	0	0	0	0	0	0	0	0	0	0	0	0	0	0	0	0	0	0.0857	0	0	0	0	0	0	0	0	0	0	0	44.962	0	0	0	0
Streptomyces bathyalis	0	0	0	2.9067	0	0	0	0	1.919	1.3279	0	0	0	0	0	0	0	0	0	0	0	0	0	0	0	0	0	0	0	0	0	0	0	0	1.7256	0	0	0	0	0	0	0
Streptomyces buecherae	0	0	0	0	0	0	0	0	0	0	0	0	0	1.8604	0	0	0	0	0	0	0	0	0	0	0	0	0	0	0	0	0	0	0	0	0	0	0	0	0	0	0	0
Streptomyces nigra	0	0	0	0	0	0	0	0	0	0	0	0.4129	0	0	0	0	0	0	0	0	0	0	0	0	0	0	0	0	0	0	0	0	0	0	0	0	0	4.3865	0	0	0	0
Streptomyces noursei	0	0	7.3577	41.784	0.1766	0	0.1093	0	40.2988	39.1725	0	0.2752	0	0	0	0	0	0	0	0	0	0	0	0	0.2406	0	21.3862	0	0	0	0	3.4563	0	0	13.8049	0	0	0.2991	0	0.3953	0	0
Streptomyces pactum	0	0	0	4.3601	0	0	0	0.1648	0	0.6639	0	0	0	0	0	0	0	0	0	0	0	0	0	0	0	0	0	0	0	0	0	0	0	0	0	0	0	0	0	0	0	0
Streptomyces peucetius	0	0	0	0	0	0	0	2.3075	0	0	0	0	0	0	0	0	0	0	0	0	0	0	0	0	0.0802	0	0	0	0	0	0	0	0	0	0	0	0	0	0	0	0.4395	0
Streptomyces radiopugnans	0	0	0	0.3633	0	0	0	0	0	0	0	0	0	0	0	0	0	0	0	0	0	0	0	0	0	0	0.6899	0	0	0	0	0	0	0	0	0	0	0	0	0	0	0
Streptomyces rapamycinicus	0	0	0	0	0	0	0	0	0	0	0	0	0	0	0	0	0	0	0	0	0	0	0	0	0	0	0	0	0	0	0	0	0	0	0	0	0	0	0	5.6325	0	0
Streptomyces seoulensis	0	0	0	0	0	0	0	0.6593	0	0	0	0	0	0	0	0	0	0	0	0	0	0	0	1.4524	0	0	0	0	0	0	0	0	0	0	0	0	0	3.8881	0	0	0	0
Streptomyces sp. AM 3-1-1	0	0	0	0	0	0	0	2.1426	0	0	0	0	0	0	0	0	0	0	0	0	0	0	0	0	0	0	0	0	0	0	0	0	0	0	0	0	0	0	0	0	0	0
Streptomyces sp. AM 4-1-1	0	0	0	0	0	0	0	0	0	0	0	0	0	0	0	0	0	0	0	0	0	0	0	0	0	0	0	0	0	0	0	0	0	0	0	0	0	0	0	0	5.4939	0
Streptomyces sp. CB00271	0	0	0	10.9002	8.3016	2.258	0	0.1648	6.3966	9.9591	0	0	0	1.0018	0	0	0	0	0	0	0	0	0	0	0	0	17.2469	0	4.5847	0	0	17.2815	0	0	3.4512	0	0	0	0	0	0	0
Streptomyces sp. CLI2509	0.1565	0	11.2064	0	0	0	0	0.3296	0	0	0	0	0	0	0	0	0	0	0	0	0	0	0	0	0	0	0	0	0	0	0	0	0	0	0	0	0	0	0	0	0	0
Streptomyces sp. GQFP	0	0	0	2.5434	0	0	0	0	2.5587	3.9836	0	0	0	0	0	0	0	0	0	0	0	0	0	0	0	0	0	0	4.5847	0	0	0	0	0	0	0	0	0	0	0	0	0
Streptomyces sp. RLB1-33	0	0	0.1132	0	0	0.3763	0.1093	0	0	0	0	0	0	0	0	0	0	0	0	0	0.1274	0	0	0.2905	0.5614	1.0278	0	0	0	0.0879	0.5337	0	0	0.7565	0	0	0	0.0997	0	0.2964	0.3296	0.1491
Streptomyces sp. TLI_053	0	0	0	5.0868	0	0	0	0	0	1.9918	0	0	0	0	0	0	0	0	0	0	0	0	0	0	0	0	0	0	2.2924	0	0	0	0	0	0.8628	0	0	0	0	0	0	0.1491
Streptomyces sp. WA1-19	0	0	0	0	0	0	0	14.9985	0	0	0	0	0	0	0	0	0	0	0	0	0	0	0	0	0	0	0	0	0	0	0	0	0	0	0	0	0	0	0	0	0	0
Streptomyces sp. YIM 121038	0	0	0	0	0	0	0	0	1.2793	0	0	0	0	0	0	0	0	0	0	0	0	0	0	0	0.3208	0	0	0	0	0	0	0	0	0	0	0	0	0	0	0	0.2198	0
Streptomyces tanashiensis	0	0	0	0	0	0	0	0	0	0	0	2.0643	0	0	0	0	0	0	0	0	0	0	0	0	0	0	0	0	0	0	0	0	0	0	0	0	0	0.0997	0	0	0	0
Streptomyces venezuelae	0	0	0.1132	0	0.1766	0	0	14.1744	0	0	0	0	0	0	0	0	0	0	0	0	0	0	0	0	0.0802	0	0	0	0	0	0	0	0	0	0	0	0	7.9755	0	0	0	0
Stutzerimonas balearica	0	0	1.4716	0	0.1766	0	0.1093	0.1648	0	0	0	0	0.8158	0	1.2111	0	0	0	0	0	0	0	0	0	0	0.1713	0	0	0	0	0	0	0	0	0	0	0	0	0	30.8306	0.3296	0
Stutzerimonas frequens	0	0.2366	1.8111	0	0.3533	0	0.2186	0	0	0	0	0	0	0	0	0	0	0	0	0	0	0	0	0	0.0802	0.5139	0	0	0	0.0879	0	0	0.2301	0.3026	0.8628	0.208	0	0.0997	0.2392	0	0.5494	0
Stutzerimonas kunmingensis	0	0	0	0	0	0	0	0	0	0	0	0	0	0	0	0	0	0	0	0	0	0	0	0	1.2832	0	0	0	0	0.0879	0	0	0	0.4539	0	0	0	0	0	0	0.1099	0
Stutzerimonas stutzeri	85.5978	278.714	77.6523	0	12.7173	11.0077	8.9609	23.4042	3.1983	0	2.6716	3.0276	2.0396	0	1.8167	0.1197	1.1147	0	0	0	2.2938	0.8965	0.9029	3.4857	15.3187	15.075	0.6899	0	2.2924	2.1093	1.868	13.1339	7.3638	11.3469	8.6281	14.1418	7.9023	4.5859	0.8373	6.8183	32.7437	7.7552
Suicoccus acidiformans	0	0.9464	0	0	0	0	0	0	0	0.6639	0	0	0	0	0	0	0	0	0	0	0.7646	0	0	0	0	0	0	0	0	0	0	0	0	0	0	0	0	0	0	0	0	0
Sutcliffiella cohnii	0	0	0	0.3633	0	0	0	0	0	0	0	0	0	0	0	0	0	0.7415	0	0	0	0	0	0	0	0	0	0.1766	4.5847	0	0	0	0	12.406	0	0	0	0	0	0.0988	0	0
Sutcliffiella sp. NC1	0	0	0	0.3633	0	0	0	0	0	0	0	0	0	0	0	0	0	0	0	0	0	0	0	0	0	0	0	0	0	0	0	0	0	5.1439	0	0	0	0	0	0	0	0
Tahibacter amnicola	0	0	0	0	0	0	0	0	0	0	0	0	0	0	0	0	0	0	0	0	0	0	0	0	0	0	0	0	0	0.6152	0	0	0	0	0	0	0	0	0	0	0	0
Tardiphaga alba	1.2519	0	0	0	0	0	0.4371	0	0	0	0	0.2752	0	0	0	0	0	0	0	0	0.3823	0	0	0	0	0.1713	0	0	0	0.0879	0	0	0	0	0	0	0	0	0	0	0	0
Tardiphaga robiniae	0	0	0	0	0	25.4965	0	0	0	0	0	0	0	0	0	0	0	0	0	0	0	0	0	0	0	0	0	0	0	0	0	0	0	0	0	0	0	0	0	0	0	0
Telluria mixta	0.4695	4.0222	0	0	0	0	0	0	0	0	0	0	0	0	0	0	0	0	0	0	0	0	0	0	0	1.2848	0	0	0	0	0	0	0	0	0	0	1.1854	0	0	0	0.4395	0
Telmatocola sphagniphila	0	0	0	0	0	0	0	0	0	0	0	2.7523	0	0	0	0	0	0	0	0	0	0	0	0	0	0	0	0	0	0	0	0	0	0	0	0	0	0	0	0	0	0
Tepidimonas taiwanensis	0.313	0	0.1132	0	0	0	0	0	0	0	0	0	0.4079	0	0	0	0	0	0	0	0	0	0	0	0	0	0	0	0	0	0	0	0	0	110.871	0	0	0	0	0	0	0
Tetrasphaera sp. HKS02	0	0	0	0	6.3587	0	0	0	0	0	0	0	0	0	0	0	0	0	0	0	0	0	0	0	0	0	0	0	0	0	0	0	0	0	0	0	0	0	0	0	0	0
Thalassobacter stenotrophicus	0	0	0	0	0	0	0	0	0	0	0	0	0	0	0	0	0	0	0	0	0	0	0	0	0	0	0	0.7063	0	0	0	0	0	0	0	0	0	0	0	0	0	0
Thermoanaerobacterium thermosaccharolyticum	0	0.5915	0	0	0	0	0	0	0	0	0	0	0	0	0	0	0	0	0	0	0	0	0	0	0	0	0	0	0	0	0	0	0	0	4.7454	0	0	0	0	0	0.6593	0
Thermobifida alba	0	0	4.1882	0	0	0	0	0	0	0	0	0	0	0	0	0	0	0	0	0	0	0	0	0	0	0	0	0	0	0	0	0	0	0	0	0	0	0	0	0	0	0
Thermobifida fusca	0	0	0	0	0	0	0	0	0	0	0	0	0	0	0	0	0	0	0	0	0	0	0	0	0	0	0	0	0	0	1.0674	0	0	0	0	0	0	0	0	0	0	0
Thermoflavifilum sp.	0	0	0	0	0	3.6692	0	0	0	0	0	0	0	0	0	0	0	0	0	0	0	0	0	0	0	0	0	0	0	0	0	0	0	0	0	0	0	0	0	0	0	0
Thermomonas brevis	0	0	0	0	0	0	0	0	0	0	0	0	0	0	0	0	0	0	0	0	0	0.2241	0	0	0	0	0	0	0	0	0	0	0.2301	0	0	2.4956	0	0	0	0	0	0
Thermomonas paludicola	0	0	0	0	0	0	0	0	0	0	0	0	0	0	0	0	0	0	0	0	0	0	0	0	0	0.0857	0	0	0	0	0	0	2.3012	0	0	3.5355	0	0	0	0	0	0.1491
Thermomonas sp. XSG	0.1565	0	0.3396	0	0	0.0941	0	0	0	0	0	0	25.2905	0	0	0	0	0	0	0	0	0	0	0	0	0	0	0	0	0	0	0	20.7106	0	3.4512	2.4956	0	0	0	0	0	0
Thermotoga maritima	0.1565	0	0.4528	0	0	0.0941	0.1093	0	0	0	0	0	0	0	0	0	0	0	0	0	0.1274	0	0.301	0	0	0	0	0	0	0.1758	0	0	0	0.1513	0	0	0	0.0997	0	0.0988	0.3296	0.1491
Thermus thermophilus	0	4.0222	0	0	0	0	0	0	0	0	0	0	0	0	0	0.1197	0	0	0	0	0	0	0	0	0	0	0	0	0	0	0	0	0	0	0	0	0	0	0.1196	0	0	0.1491
Thioclava nitratireducens	0.9389	0.9464	0	0	0	1.4112	0	1.4834	0	0	0.5937	0	0.4079	0.7156	0	0	0	0	0	0	0	0	0	0	0	0	12.4178	0.1766	13.7542	0	0	0	1.1506	0.9078	3.8826	0	0	0	0	3.4586	0.3296	1.6405
Tigrvirus phiE094	0	0	0.1132	0	0	0.2822	0.2186	0.3296	0	0	0	0	0	0	0.2019	0	0.1858	0	0	0	0.1274	0	0	0	0.1604	0.5139	0	0	0	0.3515	0.2669	0.6913	0.2301	0.3026	0	0	0.3951	0.4985	0	0.7905	0.5494	0.5966
Tissierella sp. Yu-01	0	0	7.2445	0	0	0	0.1093	0	0	0	0	0	0	0	0	0	0	0	0	0	0	0	0	0	0	0	0	0	0	0	0	0	0	0	0	0	0	0	0	0	0	0
Tobacco mosaic virus	0	0	0	0	0	0	0	0	0	0	0	0	0	0	0	0	0	0	0	0	0	0	0	0	0	0	0	0	0	0	0	0	0	0	0	0	0	0	0	33.3998	0	0
Tomitella gaofuii	0	0	0.1132	0	0	0	0	0	0	0	0	0	0	0	0	0	0	0	0	0	0	0	0	0	0	0	0	0	0	0	0	0	0	0	0	0	0	5.0844	0	0.0988	0	0
Tropheryma whipplei	0	0	0	0.3633	0	0	0	0	0	0	0	4.679	0	0	0	0	0	0	0	0	0	0	0	0	0	0	0	0	0	0	0	0	0	0	0	0	0	0	0	0	0	0
Tsuneonella dongtanensis	0	0	0	0	0	0	0	0	9.595	0	0	0	0	0	0	0	0	0	0	0	0	0	0	0	0	0	0	0	0	0	0	0	0	0	0	0	0	0	0	0	0	0
uncultured Arcobacter sp.	0	0	0	0	0	0	0	0	0	0	0	0	0	0	0	0	0	0	0	0	0	0	0	1.1619	0	0	0	0	0	0	0	0	0	0	0	0	0	0	0	0	0	0
uncultured Brevundimonas sp.	9.2327	0	0	0	0	0	0	0.3296	0	0	0	0	0	0	0	0	0	0	0	0	0	0	0	0	0	0	0	0	0	0	0	0	0	0	0	0	0	77.9606	0	22.8265	0	0
uncultured Candidatus Nanopelagicus sp.	0	0	0.1132	0	0	0.0941	0	0	0	0	0	0	0	0	0	0	0	0	0	0	0	0	0	0	0	0	0	0	0	0	0	0	13.1167	0	0	0	0	0	0	0	0	0
uncultured Chroococcidiopsis sp.	0	0	0	0	0	0	0	0	0	0	0	0	2.0396	0.4293	0	0	0	0	0	0	0	0	0	0	0	0.1713	0	0	0	0	0	0	0	0	0	0	0	0.4985	0	0	0	0
uncultured Enterococcus sp.	0	11.83	0	0	0	0	0	0	0	0	0	0	0	0	0	0	0	0	0	0	0	0	0	0	0	0	0	0	0	0	0	0	0	0	0	0	0	0	0	0	0	0
uncultured Fusobacterium sp.	0	0	0	0	0	0	0	0	0	0	0	0	0	0	0	0	0	0	0	0	0	0	0	0	0	0	0	0	0	0	0	0	0	0	0	0	0	0	3.1101	0	0	0
uncultured Limnohabitans sp.	50.3885	0	0	0	2.6494	0	0	0.3296	0.6397	0	2.3748	0	0	0	0	0	0	0	0	0	0	0	0	0	0	0	0	0	0	0.0879	0	0	0.4602	0.1513	0	0	0.3951	0	0	0	0	0.1491
uncultured Moraxella sp.	12.6754	1.0647	0.6792	0	1.0598	0	0.765	0	0	0	0	0	0	0	0	0	0	0	0	0	0.1274	0	0	0	0.401	0	0	0	0	0.9667	0.2669	0	0.9205	1.0591	0	0	1.1854	0.5982	0	0.7905	0	0.1491
uncultured Parasutterella sp.	0	0	0	0	0	0	0	0	0	0	0	0	0	0	0	0	0	0	0	0	0	0	0	0	0	0	0.6899	0	0	0	0	0	0	0	0	0	0	0	0	0	0	0
uncultured Prevotellamassilia sp.	0	0	0	0	0	0	0	0	0	0	0	0	0	0	0	0	0	0	0	0.5582	0	0	0	0	0	0	3.4494	0	0	0	0	0	0	0	0	0	0	0	0	0	0	0
uncultured Pseudomonas sp.	4.6946	0	12.5647	17.4403	0	0	5.2454	0	0	0	0.2968	0	0.8158	1.4311	0	1.0771	0	0	0	0	0	1.3448	0.602	0	0	1.3705	0.6899	1.0595	0	0	0	4.1476	13.577	3.9336	4.314	0	12.6437	0	0	0.1976	0	0
uncultured Ureaplasma sp.	0	0	0	0	0	0	0	0	0	0	0	0	0	0	0	0	0	0	0	0	0	3.8101	0	0	0	0	0	0	0	0	0	0	0	0	0	0	0	0	0	0	0	0
Undibacterium parvum	1.0954	0.3549	0.1132	0.7267	0	0	0	0	0	0	0	0	0	0	0	0	0	0	0	0	0	0.2241	0	0	0	0	0	0	0	0	0	0	0	0.1513	0	0.208	7.5072	0.2991	0	0	0.9889	0
Undibacterium piscinae	0.313	0.1183	0	0	0	0	0	0	0	0	0	0	0	0	0	0	0	0	0	0	0	0	0	0.5809	0	0	0	0	0	0	0	0	0	0	0	0	0	0.1994	0	0	0	0
Ureaplasma diversum	0	0	0	0	0	0	0	0	0	0	0	0	0	0	0	0	0	0	0	0	0	0	0	0	0	0	0	0	0	0	0	0	2.5313	0	0	0	0	0	0	0	0	0
Ureaplasma felinum	0	0	0	0	0	0	0	0	0	0	0	0	0	0	0	0	0	0	0	0	0	2.0171	0	0	0	0	0	0	0	0	0	0	0	0	0	0	0	0	0	0	0	0
Ureaplasma parvum	0	0	0	0	0	0	0	0	0	0	0	0	0	0	0	0	0	0	0	236.499	0	2875.07	0	0	0	0	0	0	320.932	0	136.629	0	8363.42	0	0	0	0	0	0	0	0	0
Ureaplasma urealyticum	0	0	0	0	0	0	0	0	0	0	0	0	0	0	0	0	0	0	0	5.3961	0	96.5975	0	0	0	0	0	0	32.0932	0	6162.98	0	450.341	0	0	0	0	0	0	0	0	0.1491
Vagococcus lutrae	0	5.7967	0	0	0	0	0	0	0	0	0	0	0	0	0	0	0	0	0	0	0	0	0	0	0	0	0	0	0	0	0	0	0	0	0	0	0	0	0	0.0988	4.505	0
Vagococcus teuberi	0	491.298	0	0	0	0	0	0	0	0	0	0	0	0	0	0	0	0	0	0	0	0	0	0	0	0	0	0	0	0	0	0	0	0	0	0	0	0	0	0	0	0.1491
Varibaculum cambriense	0	0	0.1132	0	0	0	0	0	0	0	0	0	0	0	0	0	0	0	0	0	0	1.1206	0	0	0	0	0	0	0	0	0	0	0	0	0	0	0	0	0	0	0	0
Variovorax paradoxus	9.0762	0	0	0.7267	0.1766	0.7527	0	0	0	0	0	0	0	0	0.2019	0.4787	0	0	0	0	0	0.2241	0	0	0	0	0	0	0	0.3515	0.5337	2.0738	4.1421	0.6052	1.7256	0	32.7947	4.5859	0	3.6562	0	0
Veillonella dispar	0	0	0	0	0	0	0	0	0	0	0	0	0	0.1431	0	0	0	0	0	0	0	0	0	0	0	0	0	0	0	0	0	0	0	0	0	0	0	0	0	0	7.9112	0
Veillonella parvula	1.5649	0	3.2827	0	0	6.3976	0.1093	0	2.5587	1.3279	0.5937	0	0	0	0	0	0.1858	0	0	0	0	0.8965	0	0	0	0	0	0	0	0	0.2669	0	5.9831	0	0	0	0	0	0	0	6.4828	0
Veillonella rogosae	0	0	0	0	0	0	0	0	0	0	0	0	0	0	0	0	0	0	0	0.1861	0	0	0	0	0	0	0	0	0	0	0	0	0	0	0	0	0	0	0	0	0.3296	0
Vescimonas coprocola	0	0	0	0	0	0	0	0	0	0	0	0	0	0	0	0	0	0	0	0	0	0	3.6118	0	0	0	0	0	0	0	10.4073	0	0	0	0	0	0	0	0	0	0	0
Vescimonas fastidiosa	0	0	0	0	0	0	0	0	0	0	0	0	0	0	0	0	0	0	0	0	0.3823	0	0.301	0	0	0	0	0	0	0	47.233	0	0	0	0	0	0	0	0	0	0	0
Vibrio tasmaniensis	0	0	0	0	0	0	0	0	0	0	0	0	0	0	0	0	0	0	0	0.1861	0	0	0	0	0	0	0	0	0	0	0	0	0	0	0	0	0	0	0	0	0	0
Wansuia hejianensis	0	0	0	0	0	0	0	0	0	0	0	0	0	0	0	0	0	0	0	0	0	0	0	0	0	0	0	0	0	0	0	0	0	0	0	0	0	0	0	0	15.8224	0
Wolbachia pipientis	0	0	0	0	0	0	0	0	0	0	0	0	0	0	0	0	0	0	0	0	0	0	0	0	0	0	0	0	0	0	0	0	0	5.4465	0	0	0	0	0	0	0	0
Wolinella succinogenes	0	0	0	0	0	0	0	0	0	0	0	0	0.8158	0	0	0	0	0	0	0	0	0	0	0	0	0	0	0	0	0	0	0	0	0	0	0	0	0	0	0	0	0
Xanthobacter autotrophicus	0	0	0.3396	0	0	0	0.1093	0	0	0	0	0	0	0	0	0	0	0	0	0	0.5097	0	0	0	0	0.1713	0	0	0	0	0	0	0	0	0	0	0	0	0	0	0	0
Xanthomonas campestris	20.4997	0.1183	5.5466	0	0.3533	0.0941	0.2186	0.4945	0	0	0	0	0	0.2862	0	0	0	0	0	0	0	0	0	0	0.3208	0	0.6899	0	0	0.0879	0.2669	0	0.9205	0.4539	0	0	0	0	0	1.5811	0.3296	1.4914
Xanthomonas citri	2.5038	0.2366	0	0	0.1766	0	0	0	0	0	0.2968	0	0	0	0	0	0	0	0	0	0	0	0	0	0.0802	0	0	0	0	0	0	0	0	4.8414	0	0	0	0.0997	0	0.1976	0.7691	0.2983
Xanthomonas fragariae	0	0	0	0	0	0	0	0	0	0	0	0	0	0	0	0	0	0	0	0	0	0	0	0	0	0	0	0	0	0	0	0	0	30.8636	0	0	0	0	0	0	0	0
Xanthomonas oryzae	0.6259	0	0	0	0	0	0	0	0	0	0	0	0	0	0	0	0	0	0	0	0	0	0	0	0	0	0	0	0	0	0	0	0	1.6642	0	0	0	0	0	0	0	0
Xylophilus rhododendri	2.1908	0	0	0	0	0	0	0	0	0	0	0	0	0	0	0	0	0	0	0	0	2.9136	0	0	0	0	0	0	0	0	0	0	0	0	0	0	0.3951	0.0997	0	0	0	0
Yersinia enterocolitica	4.6946	0.4732	2.1507	0.3633	0.3533	0.7527	0	0.6593	0	0	0	0	4.0791	0.1431	0	0	0	0	0.048	0	0.6372	0	0	0.8714	1.1228	0	0	0.8829	0	0.4394	0	0	2.0711	1.8155	0	1.2478	0	1.0966	0	1.9763	0	0
Yersinia pestis	5.9465	6.0333	0	0	0	0	0	0	0	0	0	0	0	0	0.2019	0	0	0	0	0.3721	0	0	0	0	0	0	0	0	0	0	0	0	0.2301	0.6052	0	0	0	0	0	0	0	0
Yersinia ruckeri	29.5758	0	0	0	0	0	0	0	0	0	0	0	0	0	0	0	0	0	0	0	0	0	0	0	0	0	0	0	0	0	0	0	0	0	0	0	0	0	0	0	0	0
Zymomonas mobilis	0	0	0	0	0	10.3491	0.1093	0	0	0	0	0.1376	0	0	0	0	0	0	0	0	0	0	0	0	0	0	0	0	0	0	0.2669	0	0	0	0	0	0	0	0	0	0	0.1491
